thread_id,digest_path,title,keyword
TH195,ARCHIVAL_STACK/PR02_THREAD_DIGEST.md,Universal Protocol Naming System,protocol
TH282,ARCHIVAL_STACK/PR02_THREAD_DIGEST.md,Sharing System Protocols,protocol
TH544,ARCHIVAL_STACK/PR02_THREAD_DIGEST.md,Naming System Optimization,naming
TH140,ARCHIVAL_STACK/PR05_THREAD_DIGEST.md,Myth Drift Protocol,protocol
TH259,ARCHIVAL_STACK/PR05_THREAD_DIGEST.md,Mythos Protocol Extraction,protocol
TH347,ARCHIVAL_STACK/PR05_THREAD_DIGEST.md,Gabe Recursive Myth Protocol,protocol
TH350,ARCHIVAL_STACK/PR05_THREAD_DIGEST.md,Mythic Yield Protocol Setup,protocol
TH547,ARCHIVAL_STACK/PR08_THREAD_DIGEST.md,Technical Instructions Review Process,process
TH204,ARCHIVAL_STACK/PR11_THREAD_DIGEST.md,ThreadHealth Check Protocol,protocol
TH021,ARCHIVAL_STACK/PR12_THREAD_DIGEST.md,Symbolic Naming Evolution,naming
TH261,ARCHIVAL_STACK/PR17_THREAD_DIGEST.md,Grant Protocols Iteration,protocol
