thread_id,title,timestamp,source_file
TH001,Merge Project Folders,1.74632e+09,THREAD_PROJECT_CROSSWALK.md
TH002,Sex vs Money Expectations,1.74638e+09,THREAD_PROJECT_CROSSWALK.md
TH003,Eternal Sunshine Quote Explanation,1.74638e+09,THREAD_PROJECT_CROSSWALK.md
TH004,Real-time Adaptive Music,1.74633e+09,THREAD_PROJECT_CROSSWALK.md
TH005,Disable Canvas Tool,1.74628e+09,THREAD_PROJECT_CROSSWALK.md
TH006,Romantic Advance Rebuff Threshold,1.74628e+09,THREAD_PROJECT_CROSSWALK.md
TH007,Obsidian File Recovery Guide,1.74632e+09,THREAD_PROJECT_CROSSWALK.md
TH008,Symbolic Decoding Protocol,1.7463e+09,THREAD_PROJECT_CROSSWALK.md
TH009,Name Structure Breakdown,1.7463e+09,THREAD_PROJECT_CROSSWALK.md
TH010,Plurality Symbols Alternatives,1.74628e+09,THREAD_PROJECT_CROSSWALK.md
TH011,Free Hazel Alternatives,1.74629e+09,THREAD_PROJECT_CROSSWALK.md
TH012,Folder Structuring Proposal,1.74616e+09,THREAD_PROJECT_CROSSWALK.md
TH013,Pop Archetypes Breakdown,1.74627e+09,THREAD_PROJECT_CROSSWALK.md
TH014,Absurdist Meme Breakdown,1.74626e+09,THREAD_PROJECT_CROSSWALK.md
TH015,Imbalanced Symmetry Protocol,1.74626e+09,THREAD_PROJECT_CROSSWALK.md
TH016,BR4ND_ECON Module Overview,1.74624e+09,THREAD_PROJECT_CROSSWALK.md
TH017,Conversation Summary Request,1.74624e+09,THREAD_PROJECT_CROSSWALK.md
TH018,4RK Protocol Initialization,1.74624e+09,THREAD_PROJECT_CROSSWALK.md
TH019,Mythic Pedagogical Vault Summary,1.74624e+09,THREAD_PROJECT_CROSSWALK.md
TH020,Beleaboured Code Breakdown,1.74624e+09,THREAD_PROJECT_CROSSWALK.md
TH021,Symbolic Naming Evolution,1.7462e+09,THREAD_PROJECT_CROSSWALK.md
TH022,Academic Feedback Guidelines,1.74624e+09,THREAD_PROJECT_CROSSWALK.md
TH023,Sigil Decoding Analysis,1.74624e+09,THREAD_PROJECT_CROSSWALK.md
TH024,Naming Hinge Protocol,1.74621e+09,THREAD_PROJECT_CROSSWALK.md
TH025,Professor Padavano Instructions,1.7462e+09,THREAD_PROJECT_CROSSWALK.md
TH026,Digital Spring Cleaning Plan,1.74055e+09,THREAD_PROJECT_CROSSWALK.md
TH027,Reflecting and Reconnecting Self,1.73998e+09,THREAD_PROJECT_CROSSWALK.md
TH028,Reduce META Campaign Budget,1.73973e+09,THREAD_PROJECT_CROSSWALK.md
TH029,How can I help,1.73998e+09,THREAD_PROJECT_CROSSWALK.md
TH030,Discussion Feedback Summaries,1.73984e+09,THREAD_PROJECT_CROSSWALK.md
TH031,OK Corral Shootout Summary,1.74054e+09,THREAD_PROJECT_CROSSWALK.md
TH032,One-upper definition,1.74042e+09,THREAD_PROJECT_CROSSWALK.md
TH033,Email Unread Folder Setup,1.73969e+09,THREAD_PROJECT_CROSSWALK.md
TH034,iOS Mac Assistance,1.73974e+09,THREAD_PROJECT_CROSSWALK.md
TH035,Download Canvas Discussions,1.73974e+09,THREAD_PROJECT_CROSSWALK.md
TH036,iCloud Photos Account Switch,1.74001e+09,THREAD_PROJECT_CROSSWALK.md
TH037,Unpair Apple Watch iPhone,1.74052e+09,THREAD_PROJECT_CROSSWALK.md
TH038,Backup Apple Watch iPhone,1.74052e+09,THREAD_PROJECT_CROSSWALK.md
TH039,Chill Classical Composers,1.7405e+09,THREAD_PROJECT_CROSSWALK.md
TH040,Best Satie Piano Albums,1.74048e+09,THREAD_PROJECT_CROSSWALK.md
TH041,Stage Manager Window Tips,1.74048e+09,THREAD_PROJECT_CROSSWALK.md
TH042,Playlist Unification Ideas,1.7405e+09,THREAD_PROJECT_CROSSWALK.md
TH043,Searching Nature Photos,1.73982e+09,THREAD_PROJECT_CROSSWALK.md
TH044,Nombre análisis detallado,1.73999e+09,THREAD_PROJECT_CROSSWALK.md
TH045,Name Analysis Summary,1.73999e+09,THREAD_PROJECT_CROSSWALK.md
TH046,How to spell,1.74024e+09,THREAD_PROJECT_CROSSWALK.md
TH047,Opposing Themes in Music,1.74051e+09,THREAD_PROJECT_CROSSWALK.md
TH048,Wendy Carlos Music Availability,1.74058e+09,THREAD_PROJECT_CROSSWALK.md
TH049,Force Photos Duplicate Scan,1.74058e+09,THREAD_PROJECT_CROSSWALK.md
TH050,Apple Music to Spotify Shortcut,1.73974e+09,THREAD_PROJECT_CROSSWALK.md
TH051,Most Covered Songs,1.74059e+09,THREAD_PROJECT_CROSSWALK.md
TH052,Daddy Chatbot Reference,1.74059e+09,THREAD_PROJECT_CROSSWALK.md
TH053,Forrest Gump Disability,1.74059e+09,THREAD_PROJECT_CROSSWALK.md
TH054,Film Ideas for Writing,1.74059e+09,THREAD_PROJECT_CROSSWALK.md
TH055,Title Formats Summary,1.7406e+09,THREAD_PROJECT_CROSSWALK.md
TH056,iCloud account syncing,1.74061e+09,THREAD_PROJECT_CROSSWALK.md
TH057,Unify Gmail Accounts,1.74061e+09,THREAD_PROJECT_CROSSWALK.md
TH058,Managing Passwords and 2FA,1.74061e+09,THREAD_PROJECT_CROSSWALK.md
TH059,Playlists Not Showing,1.7406e+09,THREAD_PROJECT_CROSSWALK.md
TH060,Match album between services,1.7406e+09,THREAD_PROJECT_CROSSWALK.md
TH061,Is anger natural?,1.74059e+09,THREAD_PROJECT_CROSSWALK.md
TH062,Hide Gmail in Outlook,1.74061e+09,THREAD_PROJECT_CROSSWALK.md
TH063,Malwarebytes vs ActiveArmor,1.74061e+09,THREAD_PROJECT_CROSSWALK.md
TH064,Lost Time Synonym,1.74064e+09,THREAD_PROJECT_CROSSWALK.md
TH065,Thread Communication Protocol,1.74362e+09,THREAD_PROJECT_CROSSWALK.md
TH066,Living Document Log,1.74363e+09,THREAD_PROJECT_CROSSWALK.md
TH067,Shortcut Replacements and Responses,1.74364e+09,THREAD_PROJECT_CROSSWALK.md
TH068,Stop Screenshot Clutter Mac,1.73967e+09,THREAD_PROJECT_CROSSWALK.md
TH069,iOS App Removal & Window Management,1.73968e+09,THREAD_PROJECT_CROSSWALK.md
TH070,Organizing Files Efficiently,1.73966e+09,THREAD_PROJECT_CROSSWALK.md
TH071,Generative Chaos Reflection,1.74361e+09,THREAD_PROJECT_CROSSWALK.md
TH072,Sleep Protocol Definition,1.7437e+09,THREAD_PROJECT_CROSSWALK.md
TH073,FaceTime volume mute issue,1.74062e+09,THREAD_PROJECT_CROSSWALK.md
TH074,Playlist Title Ideas,1.74059e+09,THREAD_PROJECT_CROSSWALK.md
TH075,Identifying Satie Versions,1.74049e+09,THREAD_PROJECT_CROSSWALK.md
TH076,Customizing Playlist Cover Art,1.7405e+09,THREAD_PROJECT_CROSSWALK.md
TH077,Best Screenshot Storage Options,1.73981e+09,THREAD_PROJECT_CROSSWALK.md
TH078,Oatmeal Sweeteners Options,1.74024e+09,THREAD_PROJECT_CROSSWALK.md
TH079,FDP300 Training Update,1.74041e+09,THREAD_PROJECT_CROSSWALK.md
TH080,Burning CDs with Apple Music,1.74048e+09,THREAD_PROJECT_CROSSWALK.md
TH081,Is Coffee Acidic,1.74048e+09,THREAD_PROJECT_CROSSWALK.md
TH082,Cortisone vs Aquaphor Skin Care,1.74121e+09,THREAD_PROJECT_CROSSWALK.md
TH083,Teenth to Grams Conversion,1.74112e+09,THREAD_PROJECT_CROSSWALK.md
TH084,Poem Publication Dates,1.74113e+09,THREAD_PROJECT_CROSSWALK.md
TH085,Uploading Remixes to Spotify,1.74069e+09,THREAD_PROJECT_CROSSWALK.md
TH086,Ableton Education License Eligibility,1.74069e+09,THREAD_PROJECT_CROSSWALK.md
TH087,Classroom Observation Help,1.74102e+09,THREAD_PROJECT_CROSSWALK.md
TH088,Starting Fresh with Apple,1.74085e+09,THREAD_PROJECT_CROSSWALK.md
TH089,Deleting Preferences Folder OSX,1.74078e+09,THREAD_PROJECT_CROSSWALK.md
TH090,Delete relocated items folders,1.74076e+09,THREAD_PROJECT_CROSSWALK.md
TH091,Speed vs Adderall Comparison,1.74068e+09,THREAD_PROJECT_CROSSWALK.md
TH092,Best Springsteen Covers,1.74069e+09,THREAD_PROJECT_CROSSWALK.md
TH093,Data Roaming Explained,1.74085e+09,THREAD_PROJECT_CROSSWALK.md
TH094,Training Enrollment Request,1.74124e+09,THREAD_PROJECT_CROSSWALK.md
TH095,Shaving Irritation Treatment Advice,1.74127e+09,THREAD_PROJECT_CROSSWALK.md
TH096,Servox Charger Inquiry,1.74337e+09,THREAD_PROJECT_CROSSWALK.md
TH097,Temporal vs Atemporal Concepts,1.74344e+09,THREAD_PROJECT_CROSSWALK.md
TH098,Message Conciseness Request,1.74344e+09,THREAD_PROJECT_CROSSWALK.md
TH099,Architect Speech Breakdown,1.74348e+09,THREAD_PROJECT_CROSSWALK.md
TH100,Value or Illusion,1.74349e+09,THREAD_PROJECT_CROSSWALK.md
TH101,The Outsiders in NYC,1.74351e+09,THREAD_PROJECT_CROSSWALK.md
TH102,Negotiation Blood and Compromise,1.74352e+09,THREAD_PROJECT_CROSSWALK.md
TH103,Childhood vs Adulthood Rubric,1.74352e+09,THREAD_PROJECT_CROSSWALK.md
TH104,Mad Libs Template Request,1.74352e+09,THREAD_PROJECT_CROSSWALK.md
TH105,Exporting iOS Notes,1.74354e+09,THREAD_PROJECT_CROSSWALK.md
TH106,Session Initialization Workflow,1.74355e+09,THREAD_PROJECT_CROSSWALK.md
TH107,Export Compile Clean Threads,1.74347e+09,THREAD_PROJECT_CROSSWALK.md
TH108,Thesis Revision Template,1.74352e+09,THREAD_PROJECT_CROSSWALK.md
TH109,Request Flow Calibration,1.74363e+09,THREAD_PROJECT_CROSSWALK.md
TH110,Version Tracking Solution,1.74361e+09,THREAD_PROJECT_CROSSWALK.md
TH111,St Prefix Body System,1.74363e+09,THREAD_PROJECT_CROSSWALK.md
TH112,Temptations of Jesus Summary,1.74363e+09,THREAD_PROJECT_CROSSWALK.md
TH113,Thread Split Protocol,1.74364e+09,THREAD_PROJECT_CROSSWALK.md
TH114,Modular Session Protocol,1.74365e+09,THREAD_PROJECT_CROSSWALK.md
TH115,Assignment Drafting Assistance,1.74351e+09,THREAD_PROJECT_CROSSWALK.md
TH116,Reentry Protocol after Expiry,1.74369e+09,THREAD_PROJECT_CROSSWALK.md
TH117,Draft and Drawer Method,1.74369e+09,THREAD_PROJECT_CROSSWALK.md
TH118,Multi-Lens Creative Framework,1.7437e+09,THREAD_PROJECT_CROSSWALK.md
TH119,Three Witches Ocean Concept,1.74371e+09,THREAD_PROJECT_CROSSWALK.md
TH120,Legal Structure Brainstorming,1.74373e+09,THREAD_PROJECT_CROSSWALK.md
TH121,Drafting Protocols and Outputs,1.74373e+09,THREAD_PROJECT_CROSSWALK.md
TH122,Mythic Civic Structures,1.74373e+09,THREAD_PROJECT_CROSSWALK.md
TH123,Commodify Creative Process Framework,1.74371e+09,THREAD_PROJECT_CROSSWALK.md
TH124,Creative Toolset Protocol,1.74373e+09,THREAD_PROJECT_CROSSWALK.md
TH125,Session Initialization Checklist,1.74377e+09,THREAD_PROJECT_CROSSWALK.md
TH126,Thread Protocol Management,1.74376e+09,THREAD_PROJECT_CROSSWALK.md
TH127,Q-Bank Management System,1.74377e+09,THREAD_PROJECT_CROSSWALK.md
TH128,ASCII Indie Software Art,1.74376e+09,THREAD_PROJECT_CROSSWALK.md
TH129,Recursive Research Protocol,1.74377e+09,THREAD_PROJECT_CROSSWALK.md
TH130,Settings Blockchain Thread Model,1.74377e+09,THREAD_PROJECT_CROSSWALK.md
TH131,Knowledge Comparison Protocols,1.74378e+09,THREAD_PROJECT_CROSSWALK.md
TH132,Review Approval Framework,1.74378e+09,THREAD_PROJECT_CROSSWALK.md
TH133,Codex Translation Framework,1.74378e+09,THREAD_PROJECT_CROSSWALK.md
TH134,Safe Mode Protocol,1.74377e+09,THREAD_PROJECT_CROSSWALK.md
TH135,Art Critic Personas Creation,1.74378e+09,THREAD_PROJECT_CROSSWALK.md
TH136,Document Tracking System,1.74378e+09,THREAD_PROJECT_CROSSWALK.md
TH137,Language Breakdown Exploration,1.74378e+09,THREAD_PROJECT_CROSSWALK.md
TH138,Cut-Up Engine Design,1.74377e+09,THREAD_PROJECT_CROSSWALK.md
TH139,Modular System Manual Design,1.74378e+09,THREAD_PROJECT_CROSSWALK.md
TH140,Myth Drift Protocol,1.74378e+09,THREAD_PROJECT_CROSSWALK.md
TH141,AI Historical Chatbots,1.74378e+09,THREAD_PROJECT_CROSSWALK.md
TH142,Generative Content Processing Analysis,1.74378e+09,THREAD_PROJECT_CROSSWALK.md
TH143,Onboarding Media Protocol,1.74378e+09,THREAD_PROJECT_CROSSWALK.md
TH144,New Taxonomy Creation Ideas,1.74378e+09,THREAD_PROJECT_CROSSWALK.md
TH145,Cyclical GPT Model Protocol,1.74378e+09,THREAD_PROJECT_CROSSWALK.md
TH146,Tagged Generative Logging System,1.74378e+09,THREAD_PROJECT_CROSSWALK.md
TH147,Gotta Catch 'Em All Protocol,1.74378e+09,THREAD_PROJECT_CROSSWALK.md
TH148,Powerup Spell Breakdown,1.74379e+09,THREAD_PROJECT_CROSSWALK.md
TH149,System Reset Strategy,1.74379e+09,THREAD_PROJECT_CROSSWALK.md
TH150,Rectal Amphetamine Absorption Time,1.74381e+09,THREAD_PROJECT_CROSSWALK.md
TH151,Psychological Irony Exploration,1.74382e+09,THREAD_PROJECT_CROSSWALK.md
TH152,OS Tree Hierarchy Overview,1.74387e+09,THREAD_PROJECT_CROSSWALK.md
TH153,Time Space Scales,1.74379e+09,THREAD_PROJECT_CROSSWALK.md
TH154,Place Nodes Framework,1.74388e+09,THREAD_PROJECT_CROSSWALK.md
TH155,Gem Club Lyrics Access,1.74389e+09,THREAD_PROJECT_CROSSWALK.md
TH156,4S.SORT Idea Expansion,1.7439e+09,THREAD_PROJECT_CROSSWALK.md
TH157,Creative System Pitch,1.74387e+09,THREAD_PROJECT_CROSSWALK.md
TH158,New Rule Protocols,1.74378e+09,THREAD_PROJECT_CROSSWALK.md
TH159,OS Breakdown Principles,1.74387e+09,THREAD_PROJECT_CROSSWALK.md
TH160,Project Nesting Models,1.74398e+09,THREAD_PROJECT_CROSSWALK.md
TH161,Generational Curses Explained,1.74401e+09,THREAD_PROJECT_CROSSWALK.md
TH162,News Perspective Comparison,1.74403e+09,THREAD_PROJECT_CROSSWALK.md
TH163,Preguntas de investigación comparativa,1.74404e+09,THREAD_PROJECT_CROSSWALK.md
TH164,Sneeze Blessings and Prayers,1.74403e+09,THREAD_PROJECT_CROSSWALK.md
TH165,Thread Folder Extraction Protocol,1.74403e+09,THREAD_PROJECT_CROSSWALK.md
TH166,Infinite Context Library,1.74403e+09,THREAD_PROJECT_CROSSWALK.md
TH167,Five Humors Overview,1.74399e+09,THREAD_PROJECT_CROSSWALK.md
TH168,Lotto Order Summary,1.74404e+09,THREAD_PROJECT_CROSSWALK.md
TH169,Podcast Livestream Narrative Framework,1.74405e+09,THREAD_PROJECT_CROSSWALK.md
TH170,Probate Case Questionnaire,1.74403e+09,THREAD_PROJECT_CROSSWALK.md
TH171,Emotion Classification Models,1.74405e+09,THREAD_PROJECT_CROSSWALK.md
TH172,Exhaustive Symbolic Faces List,1.74405e+09,THREAD_PROJECT_CROSSWALK.md
TH173,Active Project Folders,1.74406e+09,THREAD_PROJECT_CROSSWALK.md
TH174,Industry Mapping Framework,1.74406e+09,THREAD_PROJECT_CROSSWALK.md
TH175,4os_ritu4l Invocation Protocol,1.74406e+09,THREAD_PROJECT_CROSSWALK.md
TH176,Majin Buu Cell Fusion,1.74406e+09,THREAD_PROJECT_CROSSWALK.md
TH177,Study Exhaustion Protocol,1.74406e+09,THREAD_PROJECT_CROSSWALK.md
TH178,Folder Naming Analysis,1.74406e+09,THREAD_PROJECT_CROSSWALK.md
TH179,Mac File Organization Plan,1.74405e+09,THREAD_PROJECT_CROSSWALK.md
TH180,Status logging enabled,1.74408e+09,THREAD_PROJECT_CROSSWALK.md
TH181,Code Request Formatting,1.74408e+09,THREAD_PROJECT_CROSSWALK.md
TH182,Feed Mode Activation,1.74408e+09,THREAD_PROJECT_CROSSWALK.md
TH183,Protocol Status Overview,1.74408e+09,THREAD_PROJECT_CROSSWALK.md
TH184,Protocol Execution Flow,1.74408e+09,THREAD_PROJECT_CROSSWALK.md
TH185,Sweep Progress Dashboard,1.74408e+09,THREAD_PROJECT_CROSSWALK.md
TH186,SH4D0W.p0v Selector Guide,1.74408e+09,THREAD_PROJECT_CROSSWALK.md
TH187,Revision Fork Protocol,1.74408e+09,THREAD_PROJECT_CROSSWALK.md
TH188,Esophagus Word Association,1.74409e+09,THREAD_PROJECT_CROSSWALK.md
TH189,Class Pairings Through Time,1.74409e+09,THREAD_PROJECT_CROSSWALK.md
TH190,Tears in Rain Logic,1.74409e+09,THREAD_PROJECT_CROSSWALK.md
TH191,Critique Friend Framework,1.74409e+09,THREAD_PROJECT_CROSSWALK.md
TH192,NEV Soul Protocol Format,1.74409e+09,THREAD_PROJECT_CROSSWALK.md
TH193,Macbeth Soliloquy Analysis,1.74409e+09,THREAD_PROJECT_CROSSWALK.md
TH194,BR4N.ch SYS Logic,1.74409e+09,THREAD_PROJECT_CROSSWALK.md
TH195,Universal Protocol Naming System,1.74409e+09,THREAD_PROJECT_CROSSWALK.md
TH196,Optimizing ChatGPT Usage,1.74408e+09,THREAD_PROJECT_CROSSWALK.md
TH197,Thread Summon and Sync,1.74405e+09,THREAD_PROJECT_CROSSWALK.md
TH198,Mizer Lee Mistoree Concept,1.74501e+09,THREAD_PROJECT_CROSSWALK.md
TH199,Flash Archive Freeze,1.74409e+09,THREAD_PROJECT_CROSSWALK.md
TH200,Math Logic Collapse,1.74409e+09,THREAD_PROJECT_CROSSWALK.md
TH201,Thread Freeze Strategy,1.7441e+09,THREAD_PROJECT_CROSSWALK.md
TH202,Endchain Ritual Summary,1.7441e+09,THREAD_PROJECT_CROSSWALK.md
TH203,Command Name Change,1.74408e+09,THREAD_PROJECT_CROSSWALK.md
TH204,ThreadHealth Check Protocol,1.7441e+09,THREAD_PROJECT_CROSSWALK.md
TH205,Endless Loop Protocols,1.7441e+09,THREAD_PROJECT_CROSSWALK.md
TH206,4ll_SLVGS Clarification and Priorities,1.7441e+09,THREAD_PROJECT_CROSSWALK.md
TH207,OmniTracker Pulse Overview,1.7441e+09,THREAD_PROJECT_CROSSWALK.md
TH208,Renaming Protocol Strategy,1.7441e+09,THREAD_PROJECT_CROSSWALK.md
TH209,Exhaustive Data Analysis Protocol,1.7441e+09,THREAD_PROJECT_CROSSWALK.md
TH210,Reconstituted Protocols Request,1.74411e+09,THREAD_PROJECT_CROSSWALK.md
TH211,Lost in Tasks Strategy,1.74412e+09,THREAD_PROJECT_CROSSWALK.md
TH212,Memory Activity Status,1.74414e+09,THREAD_PROJECT_CROSSWALK.md
TH213,Thread Indexing Protocol,1.74411e+09,THREAD_PROJECT_CROSSWALK.md
TH214,Phase 2 to 3 Transition,1.74411e+09,THREAD_PROJECT_CROSSWALK.md
TH215,Thread Reset and Recovery,1.74411e+09,THREAD_PROJECT_CROSSWALK.md
TH216,Protocol Styling and Usage,1.74409e+09,THREAD_PROJECT_CROSSWALK.md
TH217,Thread Sifting Protocol,1.74412e+09,THREAD_PROJECT_CROSSWALK.md
TH218,Control Thread Access Management,1.74412e+09,THREAD_PROJECT_CROSSWALK.md
TH219,Prehistory to History Framework,1.7441e+09,THREAD_PROJECT_CROSSWALK.md
TH220,Thread Status Update,1.74413e+09,THREAD_PROJECT_CROSSWALK.md
TH221,TouchDesigner and Blade Runner,1.74412e+09,THREAD_PROJECT_CROSSWALK.md
TH222,Soul Chaos Rasputin Analysis,1.74414e+09,THREAD_PROJECT_CROSSWALK.md
TH223,Auto Ritual Thread Protocol,1.74415e+09,THREAD_PROJECT_CROSSWALK.md
TH224,Relabeling Titles Protocol,1.74414e+09,THREAD_PROJECT_CROSSWALK.md
TH225,Ascension Protocols Engaged,1.74415e+09,THREAD_PROJECT_CROSSWALK.md
TH226,Freezing Protocol Overview,1.74415e+09,THREAD_PROJECT_CROSSWALK.md
TH227,System Density Management Plan,1.74382e+09,THREAD_PROJECT_CROSSWALK.md
TH228,Creative Critique Collaboration,1.74408e+09,THREAD_PROJECT_CROSSWALK.md
TH229,TR4CER Protocol Analysis,1.74416e+09,THREAD_PROJECT_CROSSWALK.md
TH230,Daily Snapshot Renderer,1.74421e+09,THREAD_PROJECT_CROSSWALK.md
TH231,Literary Reference Analysis,1.74421e+09,THREAD_PROJECT_CROSSWALK.md
TH232,Cyberpoetry Matrix Cascade,1.74409e+09,THREAD_PROJECT_CROSSWALK.md
TH233,Daily Folder Snapshot Guide,1.74418e+09,THREAD_PROJECT_CROSSWALK.md
TH234,Universal Organization and Data,1.74424e+09,THREAD_PROJECT_CROSSWALK.md
TH235,LFO Mythos Tuning,1.74425e+09,THREAD_PROJECT_CROSSWALK.md
TH236,Project Status Update,1.74429e+09,THREAD_PROJECT_CROSSWALK.md
TH237,System Status Update,1.74425e+09,THREAD_PROJECT_CROSSWALK.md
TH238,System Status Update,1.7443e+09,THREAD_PROJECT_CROSSWALK.md
TH239,Active80 Memory Diffing,1.74429e+09,THREAD_PROJECT_CROSSWALK.md
TH240,Memory Freezepoint Snapshot,1.7443e+09,THREAD_PROJECT_CROSSWALK.md
TH241,Staten Island to Manhattan Tolls,1.74457e+09,THREAD_PROJECT_CROSSWALK.md
TH242,OSX Rebuild Worksheet,1.74501e+09,THREAD_PROJECT_CROSSWALK.md
TH243,21Q Song Guessing Game,1.74544e+09,THREAD_PROJECT_CROSSWALK.md
TH244,Initiate Protocols Analysis,1.74539e+09,THREAD_PROJECT_CROSSWALK.md
TH245,Liber Initiatorvm Canon,1.7455e+09,THREAD_PROJECT_CROSSWALK.md
TH246,Asteras Kings Designers Summary,1.74554e+09,THREAD_PROJECT_CROSSWALK.md
TH247,NPO Housing for LGBTQ+,1.74554e+09,THREAD_PROJECT_CROSSWALK.md
TH248,Quanta EMF Exploration,1.74561e+09,THREAD_PROJECT_CROSSWALK.md
TH249,Grandiosity vs Reality,1.74561e+09,THREAD_PROJECT_CROSSWALK.md
TH250,Blank PDF Analysis,1.74563e+09,THREAD_PROJECT_CROSSWALK.md
TH251,Liber Initiatorvm Analysis,1.74563e+09,THREAD_PROJECT_CROSSWALK.md
TH252,Procedural World Evolution Techniques,1.7457e+09,THREAD_PROJECT_CROSSWALK.md
TH253,Interactive Digital Storytelling Ideas,1.7457e+09,THREAD_PROJECT_CROSSWALK.md
TH254,Monetizing Digital Creativity,1.7457e+09,THREAD_PROJECT_CROSSWALK.md
TH255,Licorice Root Traditional Uses,1.7461e+09,THREAD_PROJECT_CROSSWALK.md
TH256,Social Order and Belief,1.74613e+09,THREAD_PROJECT_CROSSWALK.md
TH257,:HERE.THERE.EVERYWHERE.NOWHERE,1.74492e+09,THREAD_PROJECT_CROSSWALK.md
TH258,4_bl00m Vault Structure,1.74494e+09,THREAD_PROJECT_CROSSWALK.md
TH259,Mythos Protocol Extraction,1.74501e+09,THREAD_PROJECT_CROSSWALK.md
TH260,Sandboxing in Docker,1.74501e+09,THREAD_PROJECT_CROSSWALK.md
TH261,Grant Protocols Iteration,1.74503e+09,THREAD_PROJECT_CROSSWALK.md
TH262,Hindi Text Processing Request,1.7451e+09,THREAD_PROJECT_CROSSWALK.md
TH263,Ovide Moralisé Translation Request,1.74509e+09,THREAD_PROJECT_CROSSWALK.md
TH264,Text Shortcut Creation,1.74522e+09,THREAD_PROJECT_CROSSWALK.md
TH265,888 222 Numerology Decode,1.74526e+09,THREAD_PROJECT_CROSSWALK.md
TH266,Text Layout Flip Ideas,1.74534e+09,THREAD_PROJECT_CROSSWALK.md
TH267,BBNC Grant Application Inquiry,1.74536e+09,THREAD_PROJECT_CROSSWALK.md
TH268,MC005 Protocol Filing,1.74539e+09,THREAD_PROJECT_CROSSWALK.md
TH269,2023 CR-V Price and Pi,1.74541e+09,THREAD_PROJECT_CROSSWALK.md
TH270,Aquarius Moon Insights,1.74542e+09,THREAD_PROJECT_CROSSWALK.md
TH271,Legal Docs and Narrative Concepts,1.74431e+09,THREAD_PROJECT_CROSSWALK.md
TH272,Time Ledger System Design,1.74425e+09,THREAD_PROJECT_CROSSWALK.md
TH273,SHC Simulation Reality Check,1.74432e+09,THREAD_PROJECT_CROSSWALK.md
TH274,MM Ingestion Protocol,1.74417e+09,THREAD_PROJECT_CROSSWALK.md
TH275,Marilyn Manson's Cultural Rage,1.74417e+09,THREAD_PROJECT_CROSSWALK.md
TH276,Terraforming Guidance Request,1.74432e+09,THREAD_PROJECT_CROSSWALK.md
TH277,Multi-Threading Workflow Optimization,1.74433e+09,THREAD_PROJECT_CROSSWALK.md
TH278,Thread Tagging Status Update,1.74433e+09,THREAD_PROJECT_CROSSWALK.md
TH279,Troubleshooting Summary Prep,1.74438e+09,THREAD_PROJECT_CROSSWALK.md
TH280,ChatGPT Framework and Refactor,1.74433e+09,THREAD_PROJECT_CROSSWALK.md
TH281,Creative System Overview,1.74439e+09,THREAD_PROJECT_CROSSWALK.md
TH282,Sharing System Protocols,1.74439e+09,THREAD_PROJECT_CROSSWALK.md
TH283,GitHub Systemization Blueprint,1.74439e+09,THREAD_PROJECT_CROSSWALK.md
TH284,Recursive Interaction SOP,1.74439e+09,THREAD_PROJECT_CROSSWALK.md
TH285,Zibaldone Vault Concept,1.74442e+09,THREAD_PROJECT_CROSSWALK.md
TH286,Creative OS Load Handling,1.74442e+09,THREAD_PROJECT_CROSSWALK.md
TH287,Chat History Reference Clarification,1.74446e+09,THREAD_PROJECT_CROSSWALK.md
TH288,iPhone Memory Consolidation Guide,1.74447e+09,THREAD_PROJECT_CROSSWALK.md
TH289,Memory Audit Phase 1,1.7443e+09,THREAD_PROJECT_CROSSWALK.md
TH290,New Memory Features Explained,1.74448e+09,THREAD_PROJECT_CROSSWALK.md
TH291,Suicide Pain Understanding,1.74468e+09,THREAD_PROJECT_CROSSWALK.md
TH292,Mass Renaming Notes iOS,1.74449e+09,THREAD_PROJECT_CROSSWALK.md
TH293,Pasta Fagioli Pronunciation,1.74475e+09,THREAD_PROJECT_CROSSWALK.md
TH294,Raw Wordsmith Confession,1.74477e+09,THREAD_PROJECT_CROSSWALK.md
TH295,Memory Commitment Protocol,1.74478e+09,THREAD_PROJECT_CROSSWALK.md
TH296,Charlie Kaufman Film Breakdown,1.74478e+09,THREAD_PROJECT_CROSSWALK.md
TH297,Jodorowsky Analysis Protocol,1.74478e+09,THREAD_PROJECT_CROSSWALK.md
TH298,Autoglyph Protocol Overview,1.74481e+09,THREAD_PROJECT_CROSSWALK.md
TH299,Snowballing Next Steps,1.74481e+09,THREAD_PROJECT_CROSSWALK.md
TH300,Wave-based Pharmacology Design,1.74481e+09,THREAD_PROJECT_CROSSWALK.md
TH301,Feedback Loop Build Strategy,1.74477e+09,THREAD_PROJECT_CROSSWALK.md
TH302,Fat Artist Myth Block,1.74481e+09,THREAD_PROJECT_CROSSWALK.md
TH303,Oblique Strategies Breakdown,1.74481e+09,THREAD_PROJECT_CROSSWALK.md
TH304,ZZ02_ARTIST_ANALYSIS_PROTOCOL_BEE_v1.0,1.74481e+09,THREAD_PROJECT_CROSSWALK.md
TH305,JJ01_ARTIST_ANALYSIS_PROTOCOL_JOYCE_v1.0,1.74481e+09,THREAD_PROJECT_CROSSWALK.md
TH306,Radiohead Protocol Breakdown,1.74481e+09,THREAD_PROJECT_CROSSWALK.md
TH307,Autechre Analysis Protocol,1.74482e+09,THREAD_PROJECT_CROSSWALK.md
TH308,Mauve Color Meaning,1.74482e+09,THREAD_PROJECT_CROSSWALK.md
TH309,Parent Project Protocols Explanation,1.74482e+09,THREAD_PROJECT_CROSSWALK.md
TH310,Analog vs Digital Unpacked,1.74482e+09,THREAD_PROJECT_CROSSWALK.md
TH311,Mark Normand Page to Stage,1.74482e+09,THREAD_PROJECT_CROSSWALK.md
TH312,Marilyn Manson as Myth,1.74482e+09,THREAD_PROJECT_CROSSWALK.md
TH313,Ballet Protocol and Logic,1.74483e+09,THREAD_PROJECT_CROSSWALK.md
TH314,Dual-Form Emotional Logic,1.74482e+09,THREAD_PROJECT_CROSSWALK.md
TH315,A Clockwork Orange Analysis,1.74483e+09,THREAD_PROJECT_CROSSWALK.md
TH316,Blockchain OS Economy Design,1.74485e+09,THREAD_PROJECT_CROSSWALK.md
TH317,Summarizing User Requests,1.74485e+09,THREAD_PROJECT_CROSSWALK.md
TH318,Rob Project Framing,1.74485e+09,THREAD_PROJECT_CROSSWALK.md
TH319,Karma Dharma Protocols,1.74486e+09,THREAD_PROJECT_CROSSWALK.md
TH320,Personality Blindspots Diagnosis,1.74486e+09,THREAD_PROJECT_CROSSWALK.md
TH321,Orochimaru Analysis Protocol,1.74486e+09,THREAD_PROJECT_CROSSWALK.md
TH322,Saint Celebrity Celebritarian Deep Dive,1.74486e+09,THREAD_PROJECT_CROSSWALK.md
TH323,Moderator Hierarchy Initialization,1.74486e+09,THREAD_PROJECT_CROSSWALK.md
TH324,Ozymandias Poetry Analysis,1.74489e+09,THREAD_PROJECT_CROSSWALK.md
TH325,Golden Ratio Protocols Initiation,1.7449e+09,THREAD_PROJECT_CROSSWALK.md
TH326,Numerology Protocol 4D,1.7449e+09,THREAD_PROJECT_CROSSWALK.md
TH327,Alchemy Protocol 4D,1.74491e+09,THREAD_PROJECT_CROSSWALK.md
TH328,Numerology and Mythmaking Analysis,1.7449e+09,THREAD_PROJECT_CROSSWALK.md
TH329,Epithet Protocol Initialization,1.74491e+09,THREAD_PROJECT_CROSSWALK.md
TH330,Phase Migration Blueprint,1.74494e+09,THREAD_PROJECT_CROSSWALK.md
TH331,Meca vs Media Clarification,1.74494e+09,THREAD_PROJECT_CROSSWALK.md
TH332,Creative Organization Strategy,1.74447e+09,THREAD_PROJECT_CROSSWALK.md
TH333,RE:GE_OS.CHAMBER_00.LOGIC_ARCHIVE,1.74492e+09,THREAD_PROJECT_CROSSWALK.md
TH334,Born Villain Analysis,1.74484e+09,THREAD_PROJECT_CROSSWALK.md
TH335,Identity Politics Protocol,1.74492e+09,THREAD_PROJECT_CROSSWALK.md
TH336,Numerical Narrative Protocols,1.74492e+09,THREAD_PROJECT_CROSSWALK.md
TH337,LOST Protocol Analysis,1.74492e+09,THREAD_PROJECT_CROSSWALK.md
TH338,Intertextuality Protocol Initiation,1.74492e+09,THREAD_PROJECT_CROSSWALK.md
TH339,Anime OS World-Building,1.74499e+09,THREAD_PROJECT_CROSSWALK.md
TH340,Bipolar Disorder Screening Guide,1.74499e+09,THREAD_PROJECT_CROSSWALK.md
TH341,Student Feedback Letter,1.745e+09,THREAD_PROJECT_CROSSWALK.md
TH342,Backblaze Restore Error,1.74501e+09,THREAD_PROJECT_CROSSWALK.md
TH343,Time Tracking Adjustment,1.74536e+09,THREAD_PROJECT_CROSSWALK.md
TH344,Jessica Protocol Mirror,1.74486e+09,THREAD_PROJECT_CROSSWALK.md
TH345,745 Military Time,1.74503e+09,THREAD_PROJECT_CROSSWALK.md
TH346,Protocol Automation Framework,1.74503e+09,THREAD_PROJECT_CROSSWALK.md
TH347,Gabe Recursive Myth Protocol,1.74502e+09,THREAD_PROJECT_CROSSWALK.md
TH348,Forensic Recovery Guide,1.74504e+09,THREAD_PROJECT_CROSSWALK.md
TH349,Lost Folder Recovery,1.74495e+09,THREAD_PROJECT_CROSSWALK.md
TH350,Mythic Yield Protocol Setup,1.74508e+09,THREAD_PROJECT_CROSSWALK.md
TH351,Mythos Expansion Confirmation,1.74508e+09,THREAD_PROJECT_CROSSWALK.md
TH352,Symbiote Fusion Experiment,1.74508e+09,THREAD_PROJECT_CROSSWALK.md
TH353,Program Gods Overview,1.74508e+09,THREAD_PROJECT_CROSSWALK.md
TH354,Clean Code Protocol,1.74508e+09,THREAD_PROJECT_CROSSWALK.md
TH355,Protocol Archiving and Weighting,1.74508e+09,THREAD_PROJECT_CROSSWALK.md
TH356,Eminem Lyrical Math,1.74508e+09,THREAD_PROJECT_CROSSWALK.md
TH357,Biblical OS Integration,1.7451e+09,THREAD_PROJECT_CROSSWALK.md
TH358,Egyptian Theology Protocols,1.74511e+09,THREAD_PROJECT_CROSSWALK.md
TH359,DualCore Timeline Protocol,1.74511e+09,THREAD_PROJECT_CROSSWALK.md
TH360,Kabbalah OS Ritual Protocol,1.74511e+09,THREAD_PROJECT_CROSSWALK.md
TH361,Animystic Protocol Invocation,1.74511e+09,THREAD_PROJECT_CROSSWALK.md
TH362,Ghibli Mythopoetic Framework,1.74511e+09,THREAD_PROJECT_CROSSWALK.md
TH363,Crusades OS Protocol,1.74516e+09,THREAD_PROJECT_CROSSWALK.md
TH364,Top Dog Theology,1.74517e+09,THREAD_PROJECT_CROSSWALK.md
TH365,Herpes and Bris Risks,1.74519e+09,THREAD_PROJECT_CROSSWALK.md
TH366,Multi-phone Work Number Setup,1.74522e+09,THREAD_PROJECT_CROSSWALK.md
TH367,Black Trans Electronic Artists,1.74522e+09,THREAD_PROJECT_CROSSWALK.md
TH368,Name Fusion Creations,1.74523e+09,THREAD_PROJECT_CROSSWALK.md
TH369,Divination Protocol Mapping,1.74523e+09,THREAD_PROJECT_CROSSWALK.md
TH370,Primal Code Behavior,1.74523e+09,THREAD_PROJECT_CROSSWALK.md
TH371,Mortal Mirror Concept,1.74358e+09,THREAD_PROJECT_CROSSWALK.md
TH372,Character Engine POV Critique,1.74491e+09,THREAD_PROJECT_CROSSWALK.md
TH373,"::META_MYTH_4LL:: The Fusion Engine of All Media, Minds, and Matter",1.74477e+09,THREAD_PROJECT_CROSSWALK.md
TH374,Love Archetypes Mapping,1.74524e+09,THREAD_PROJECT_CROSSWALK.md
TH375,Merge folders using Terminal,1.74526e+09,THREAD_PROJECT_CROSSWALK.md
TH376,Wound Externalization and Archetypes,1.74531e+09,THREAD_PROJECT_CROSSWALK.md
TH377,Binge Antibiotics Nausea Help,1.74532e+09,THREAD_PROJECT_CROSSWALK.md
TH378,Universe-Bending Heroes Paradox,1.74533e+09,THREAD_PROJECT_CROSSWALK.md
TH379,Uber Expired Registration Policy,1.74538e+09,THREAD_PROJECT_CROSSWALK.md
TH380,Fictional Character Index Creation,1.74538e+09,THREAD_PROJECT_CROSSWALK.md
TH381,Global Mythology Mapping,1.74538e+09,THREAD_PROJECT_CROSSWALK.md
TH382,Fusion Possession Symbiote Protocols,1.74539e+09,THREAD_PROJECT_CROSSWALK.md
TH383,Protocol Defining Latin,1.74526e+09,THREAD_PROJECT_CROSSWALK.md
TH384,ACD_APPSYS Infrastructure Overview,1.74539e+09,THREAD_PROJECT_CROSSWALK.md
TH385,Afro Deities Origins,1.74544e+09,THREAD_PROJECT_CROSSWALK.md
TH386,Sex Over Violence Protocol,1.74544e+09,THREAD_PROJECT_CROSSWALK.md
TH387,Future-proof Business Ideas,1.74541e+09,THREAD_PROJECT_CROSSWALK.md
TH388,Bodymouth Architecture Reflection,1.74552e+09,THREAD_PROJECT_CROSSWALK.md
TH389,Joint Business Account Features,1.74553e+09,THREAD_PROJECT_CROSSWALK.md
TH390,Transfer BTC to Gemini,1.74554e+09,THREAD_PROJECT_CROSSWALK.md
TH391,Wave Theory Manifesto,1.74361e+09,THREAD_PROJECT_CROSSWALK.md
TH392,Rituals and Story Arcs,1.74563e+09,THREAD_PROJECT_CROSSWALK.md
TH393,Generative Music Systems Design,1.74563e+09,THREAD_PROJECT_CROSSWALK.md
TH394,Dynamic Narrative Fusion,1.74563e+09,THREAD_PROJECT_CROSSWALK.md
TH395,Metadata architecture for adaptation,1.74565e+09,THREAD_PROJECT_CROSSWALK.md
TH396,Metadata Structures for Archiving,1.74565e+09,THREAD_PROJECT_CROSSWALK.md
TH397,Creative Stagnation and System Building,1.74563e+09,THREAD_PROJECT_CROSSWALK.md
TH398,Roles of Romantic Partners,1.74568e+09,THREAD_PROJECT_CROSSWALK.md
TH399,Cultural Thought and Language,1.7457e+09,THREAD_PROJECT_CROSSWALK.md
TH400,Modular OS Design Best Practices,1.7457e+09,THREAD_PROJECT_CROSSWALK.md
TH401,Dynamic Myth Fusion Guide,1.7457e+09,THREAD_PROJECT_CROSSWALK.md
TH402,Myth Fusion Framework,1.74589e+09,THREAD_PROJECT_CROSSWALK.md
TH403,Changelog Benefits Summary,1.74611e+09,THREAD_PROJECT_CROSSWALK.md
TH404,Philosophy Overview Framework,1.74612e+09,THREAD_PROJECT_CROSSWALK.md
TH405,Generative Framework Overview,1.74614e+09,THREAD_PROJECT_CROSSWALK.md
TH406,Class Reminder and Reflection,1.74473e+09,THREAD_PROJECT_CROSSWALK.md
TH407,Epistemology Overview and Theories,1.74612e+09,THREAD_PROJECT_CROSSWALK.md
TH408,Metaphysics Overview 4JP,1.74613e+09,THREAD_PROJECT_CROSSWALK.md
TH409,Academic Outreach Planning,1.74593e+09,THREAD_PROJECT_CROSSWALK.md
TH410,Mon petit chou expliqué,1.74596e+09,THREAD_PROJECT_CROSSWALK.md
TH411,Faculty Development Plan,1.74602e+09,THREAD_PROJECT_CROSSWALK.md
TH412,Poem Submission Acknowledgement,1.745e+09,THREAD_PROJECT_CROSSWALK.md
TH413,Course Discussion Reply,1.74596e+09,THREAD_PROJECT_CROSSWALK.md
TH414,ARC4N Seed Texts and Atomization,1.74593e+09,THREAD_PROJECT_CROSSWALK.md
TH415,ARC4N Expansion Focus,1.74594e+09,THREAD_PROJECT_CROSSWALK.md
TH416,ARC4N Prototype and Protocol,1.74594e+09,THREAD_PROJECT_CROSSWALK.md
TH417,ARC4N Fusion Pool Strategy,1.74594e+09,THREAD_PROJECT_CROSSWALK.md
TH418,ARC4N Academic Abstract Draft,1.74594e+09,THREAD_PROJECT_CROSSWALK.md
TH419,Mercury Moon Synastry Aspects,1.74616e+09,THREAD_PROJECT_CROSSWALK.md
TH420,HJ Journey Framework,1.74613e+09,THREAD_PROJECT_CROSSWALK.md
TH421,Metroid Mythic Upgrade Path,1.74615e+09,THREAD_PROJECT_CROSSWALK.md
TH422,Wonders of the World,1.74585e+09,THREAD_PROJECT_CROSSWALK.md
TH423,Mathematics Overview Protocol,1.74612e+09,THREAD_PROJECT_CROSSWALK.md
TH424,Sciences Overview Framework,1.74612e+09,THREAD_PROJECT_CROSSWALK.md
TH425,History Overview Protocol,1.74612e+09,THREAD_PROJECT_CROSSWALK.md
TH426,Meta-Genres Overview,1.74613e+09,THREAD_PROJECT_CROSSWALK.md
TH427,L’esprit d’escalier Concept,1.74613e+09,THREAD_PROJECT_CROSSWALK.md
TH428,Sensory Expansion and Hypotheses,1.74613e+09,THREAD_PROJECT_CROSSWALK.md
TH429,Human Consciousness Evolution,1.74613e+09,THREAD_PROJECT_CROSSWALK.md
TH430,Philosophical Thought Experiments,1.74613e+09,THREAD_PROJECT_CROSSWALK.md
TH431,Rituals Through Time,1.74613e+09,THREAD_PROJECT_CROSSWALK.md
TH432,Chat history deletion issues,1.74588e+09,THREAD_PROJECT_CROSSWALK.md
TH433,Apple vs Microsoft Branding,1.74609e+09,THREAD_PROJECT_CROSSWALK.md
TH434,Tire Replacement at 40K,1.74605e+09,THREAD_PROJECT_CROSSWALK.md
TH435,AI Ritual Mimicry Explained,1.7461e+09,THREAD_PROJECT_CROSSWALK.md
TH436,Celebrity Hierarchy Inversion,1.74609e+09,THREAD_PROJECT_CROSSWALK.md
TH437,Tabloid Media Evolution,1.74614e+09,THREAD_PROJECT_CROSSWALK.md
TH438,NEWS Journalism as Compass,1.74614e+09,THREAD_PROJECT_CROSSWALK.md
TH439,Combinations of Numbers,1.74608e+09,THREAD_PROJECT_CROSSWALK.md
TH440,Fastest Characters Across Media,1.74609e+09,THREAD_PROJECT_CROSSWALK.md
TH441,Creative Expansion Strategies,1.74593e+09,THREAD_PROJECT_CROSSWALK.md
TH442,Puzzle Frameworks Explained,1.74614e+09,THREAD_PROJECT_CROSSWALK.md
TH443,Witness Game Analysis,1.74614e+09,THREAD_PROJECT_CROSSWALK.md
TH444,EM Spectrum Mapping,1.74613e+09,THREAD_PROJECT_CROSSWALK.md
TH445,Arts & Literature Overview,1.74612e+09,THREAD_PROJECT_CROSSWALK.md
TH446,Schema Design and Mapping,1.74613e+09,THREAD_PROJECT_CROSSWALK.md
TH447,Poetic Structure Expansion,1.74508e+09,THREAD_PROJECT_CROSSWALK.md
TH448,Real People Symbolic Index,1.74539e+09,THREAD_PROJECT_CROSSWALK.md
TH449,Radiohead Gear Insights,1.74596e+09,THREAD_PROJECT_CROSSWALK.md
TH450,Chris Interest Analysis,1.74594e+09,THREAD_PROJECT_CROSSWALK.md
TH451,Gear List Aphex Twin,1.74596e+09,THREAD_PROJECT_CROSSWALK.md
TH452,Digital Canon Remix System,1.74593e+09,THREAD_PROJECT_CROSSWALK.md
TH453,Autechre Max Patch,1.74595e+09,THREAD_PROJECT_CROSSWALK.md
TH454,Ulysses Literary Visuals,1.74595e+09,THREAD_PROJECT_CROSSWALK.md
TH455,Trickster Myth Archetypes,1.7461e+09,THREAD_PROJECT_CROSSWALK.md
TH456,Voidopolis Book Overview,1.74596e+09,THREAD_PROJECT_CROSSWALK.md
TH457,Mythic Opposites of Heroes,1.74613e+09,THREAD_PROJECT_CROSSWALK.md
TH458,David Wayne Mythic Arc,1.7456e+09,THREAD_PROJECT_CROSSWALK.md
TH459,Multiverse Theory Overview,1.74613e+09,THREAD_PROJECT_CROSSWALK.md
TH460,Core Knowledge Domains,1.74612e+09,THREAD_PROJECT_CROSSWALK.md
TH461,Theology Mythology AI Integration,1.74612e+09,THREAD_PROJECT_CROSSWALK.md
TH462,Social Sciences Overview,1.74612e+09,THREAD_PROJECT_CROSSWALK.md
TH463,Algorithmic Logic Exploration,1.74613e+09,THREAD_PROJECT_CROSSWALK.md
TH464,Logic Overview,1.74613e+09,THREAD_PROJECT_CROSSWALK.md
TH465,Rhetoric Devices Overview,1.74613e+09,THREAD_PROJECT_CROSSWALK.md
TH466,Pathos in Rhetoric Design,1.74613e+09,THREAD_PROJECT_CROSSWALK.md
TH467,Academic Contribution in Business,1.74613e+09,THREAD_PROJECT_CROSSWALK.md
TH468,Ethos in Rhetoric Systems,1.74613e+09,THREAD_PROJECT_CROSSWALK.md
TH469,Tragedy vs Comedy 101,1.74613e+09,THREAD_PROJECT_CROSSWALK.md
TH470,Prehistoric Era Overview,1.74613e+09,THREAD_PROJECT_CROSSWALK.md
TH471,Renaissance Rebirth Recursive,1.74613e+09,THREAD_PROJECT_CROSSWALK.md
TH472,Medieval Ages Overview,1.74613e+09,THREAD_PROJECT_CROSSWALK.md
TH473,Antiquity Overview Protocol,1.74613e+09,THREAD_PROJECT_CROSSWALK.md
TH474,Early Modern Era Summary,1.74613e+09,THREAD_PROJECT_CROSSWALK.md
TH475,Modern Era Overview,1.74613e+09,THREAD_PROJECT_CROSSWALK.md
TH476,Postmodernism Era Overview,1.74613e+09,THREAD_PROJECT_CROSSWALK.md
TH477,Industrial Revolutions Mythic Framework,1.74613e+09,THREAD_PROJECT_CROSSWALK.md
TH478,Abstract Era Conceptualization,1.74613e+09,THREAD_PROJECT_CROSSWALK.md
TH479,Transcendentalism as Recursive Code,1.74613e+09,THREAD_PROJECT_CROSSWALK.md
TH480,MAGICK Conceptual Framework,1.74613e+09,THREAD_PROJECT_CROSSWALK.md
TH481,Alchemy Framework Overview,1.74613e+09,THREAD_PROJECT_CROSSWALK.md
TH482,Meta-Laws of Reality,1.74613e+09,THREAD_PROJECT_CROSSWALK.md
TH483,Psyche Tripartite Model,1.74613e+09,THREAD_PROJECT_CROSSWALK.md
TH484,Anima Animus Archetypes,1.74613e+09,THREAD_PROJECT_CROSSWALK.md
TH485,Collective Unconscious Overview,1.74613e+09,THREAD_PROJECT_CROSSWALK.md
TH486,Objective Protocol Overview,1.74613e+09,THREAD_PROJECT_CROSSWALK.md
TH487,Critical Lens Overview,1.74613e+09,THREAD_PROJECT_CROSSWALK.md
TH488,Subjectivity and Its Impact,1.74613e+09,THREAD_PROJECT_CROSSWALK.md
TH489,Mimic Archetype Exploration,1.74615e+09,THREAD_PROJECT_CROSSWALK.md
TH490,Infinity Gauntlet Cosmic Order,1.74614e+09,THREAD_PROJECT_CROSSWALK.md
TH491,Sauron Rings Forms Powers,1.74614e+09,THREAD_PROJECT_CROSSWALK.md
TH492,Gandalf's Cosmic Role,1.74614e+09,THREAD_PROJECT_CROSSWALK.md
TH493,Monster Mirror Media Culture,1.74614e+09,THREAD_PROJECT_CROSSWALK.md
TH494,Serial Killer Evolution,1.74615e+09,THREAD_PROJECT_CROSSWALK.md
TH495,Erikson vs Hard Sci-Fi,1.74615e+09,THREAD_PROJECT_CROSSWALK.md
TH496,Star Wars Time Loop,1.74614e+09,THREAD_PROJECT_CROSSWALK.md
TH497,KH Mythos Analysis,1.74613e+09,THREAD_PROJECT_CROSSWALK.md
TH498,Network Media Mythology Analysis,1.74614e+09,THREAD_PROJECT_CROSSWALK.md
TH499,FF Mythos Dissection,1.74614e+09,THREAD_PROJECT_CROSSWALK.md
TH500,Alien Myth-Lens Analysis,1.74613e+09,THREAD_PROJECT_CROSSWALK.md
TH501,Blade Runner Themes Analysis,1.74613e+09,THREAD_PROJECT_CROSSWALK.md
TH502,Fire Ice Adaptation Split,1.74614e+09,THREAD_PROJECT_CROSSWALK.md
TH503,Shining Adaptation Symbolism,1.74614e+09,THREAD_PROJECT_CROSSWALK.md
TH504,Kubrick Adaptation Analysis,1.74614e+09,THREAD_PROJECT_CROSSWALK.md
TH505,Class System Hierarchy,1.74614e+09,THREAD_PROJECT_CROSSWALK.md
TH506,TTRPGs Meta-Analysis,1.74614e+09,THREAD_PROJECT_CROSSWALK.md
TH507,Personalized Gameplay Design,1.74486e+09,THREAD_PROJECT_CROSSWALK.md
TH508,Hades Rogue Mechanics Analysis,1.74614e+09,THREAD_PROJECT_CROSSWALK.md
TH509,Returnal PS5 Generative Design,1.74614e+09,THREAD_PROJECT_CROSSWALK.md
TH510,CULT LEADER vs C0P,1.74615e+09,THREAD_PROJECT_CROSSWALK.md
TH511,Sci-Fi Faith Systems,1.74615e+09,THREAD_PROJECT_CROSSWALK.md
TH512,Magic Systems Overview,1.74615e+09,THREAD_PROJECT_CROSSWALK.md
TH513,Cartography Mapping Systems,1.74613e+09,THREAD_PROJECT_CROSSWALK.md
TH514,Cosmology Framework Design,1.74613e+09,THREAD_PROJECT_CROSSWALK.md
TH515,Quantum Physics Overview,1.74613e+09,THREAD_PROJECT_CROSSWALK.md
TH516,Scale Hierarchy and Cosmology,1.74613e+09,THREAD_PROJECT_CROSSWALK.md
TH517,Fugue Structure and Recursion,1.74614e+09,THREAD_PROJECT_CROSSWALK.md
TH518,Zelda Mythic Analysis,1.74613e+09,THREAD_PROJECT_CROSSWALK.md
TH519,Architectural Symbolism Mapping,1.74615e+09,THREAD_PROJECT_CROSSWALK.md
TH520,Link Mythic Overview,1.74613e+09,THREAD_PROJECT_CROSSWALK.md
TH521,Ganondorf Mythos Analysis,1.74613e+09,THREAD_PROJECT_CROSSWALK.md
TH522,JoJo Solitude Mythos,1.74613e+09,THREAD_PROJECT_CROSSWALK.md
TH523,Hellrivers Mythic Structure,1.74614e+09,THREAD_PROJECT_CROSSWALK.md
TH524,Mythic Friend Archetype,1.74614e+09,THREAD_PROJECT_CROSSWALK.md
TH525,Legal and Emotional Support,1.74615e+09,THREAD_PROJECT_CROSSWALK.md
TH526,Smith Protocol Activation,1.74508e+09,THREAD_PROJECT_CROSSWALK.md
TH527,Dunce Mirror Narrative,1.74615e+09,THREAD_PROJECT_CROSSWALK.md
TH528,Chris Adaptation Strategy,1.74483e+09,THREAD_PROJECT_CROSSWALK.md
TH529,MythOS Project Execution,1.74597e+09,THREAD_PROJECT_CROSSWALK.md
TH530,Weekly Assignments and Attendance,1.74054e+09,THREAD_PROJECT_CROSSWALK.md
TH531,Extracted PDF Texts Available,1.70413e+09,THREAD_PROJECT_CROSSWALK.md
TH532,Ingesting information assistance,1.74118e+09,THREAD_PROJECT_CROSSWALK.md
TH533,Compensation Clarification Request,1.74166e+09,THREAD_PROJECT_CROSSWALK.md
TH534,Fit for Role Evaluation,1.74044e+09,THREAD_PROJECT_CROSSWALK.md
TH535,Project Miner Protocol,1.74407e+09,THREAD_PROJECT_CROSSWALK.md
TH536,Harmonic Time Protocols,1.74534e+09,THREAD_PROJECT_CROSSWALK.md
TH537,I Ching 概述,1.74534e+09,THREAD_PROJECT_CROSSWALK.md
TH538,Honda CRV Sport Hybrid Oil,1.73715e+09,THREAD_PROJECT_CROSSWALK.md
TH539,Symbol Layout Variations,1.73951e+09,THREAD_PROJECT_CROSSWALK.md
TH540,ET4L Vision and Expansion,1.73863e+09,THREAD_PROJECT_CROSSWALK.md
TH541,Project Core Mining,1.74407e+09,THREAD_PROJECT_CROSSWALK.md
TH542,Project Miner Summary,1.74407e+09,THREAD_PROJECT_CROSSWALK.md
TH543,Project Summary and Mapping,1.74406e+09,THREAD_PROJECT_CROSSWALK.md
TH544,Naming System Optimization,1.74378e+09,THREAD_PROJECT_CROSSWALK.md
TH545,Codex Evolution Framework,1.74363e+09,THREAD_PROJECT_CROSSWALK.md
TH546,Grade Visibility Issue Resolved,1.74343e+09,THREAD_PROJECT_CROSSWALK.md
TH547,Technical Instructions Review Process,1.74165e+09,THREAD_PROJECT_CROSSWALK.md
TH548,Sweetening Oatmeal Options,1.74024e+09,THREAD_PROJECT_CROSSWALK.md
TH549,Apple Watch Number Issue,1.74008e+09,THREAD_PROJECT_CROSSWALK.md
TH550,Phone Dropping While Running,1.74007e+09,THREAD_PROJECT_CROSSWALK.md
TH551,Batman’s Ultimate Opponent,1.74007e+09,THREAD_PROJECT_CROSSWALK.md
TH552,Sync Photos Across Devices,1.74006e+09,THREAD_PROJECT_CROSSWALK.md
TH553,Switch Google Accounts iOS,1.74001e+09,THREAD_PROJECT_CROSSWALK.md
TH554,Call Forwarding to iMessage,1.74001e+09,THREAD_PROJECT_CROSSWALK.md
TH555,"Meaning of ""Hit a Lick""",1.74128e+09,THREAD_PROJECT_CROSSWALK.md
TH556,Coming-of-Age Film Picks,1.74128e+09,THREAD_PROJECT_CROSSWALK.md
TH557,Essay Feedback Request,1.74129e+09,THREAD_PROJECT_CROSSWALK.md
TH558,Attendance Correction Request,1.74129e+09,THREAD_PROJECT_CROSSWALK.md
TH559,Course Credit Information,1.74133e+09,THREAD_PROJECT_CROSSWALK.md
TH560,Assignment Submission Reminder,1.74136e+09,THREAD_PROJECT_CROSSWALK.md
TH561,Wicked Musical Genre,1.74136e+09,THREAD_PROJECT_CROSSWALK.md
TH562,Assignment Weight Adjustment,1.74138e+09,THREAD_PROJECT_CROSSWALK.md
TH563,Honda recall verification,1.74145e+09,THREAD_PROJECT_CROSSWALK.md
TH564,ZIP file issues troubleshooting,1.74145e+09,THREAD_PROJECT_CROSSWALK.md
TH565,Final Essay Feedback,1.74137e+09,THREAD_PROJECT_CROSSWALK.md
TH566,Quantum Mechanics Fundamentals,1.74148e+09,THREAD_PROJECT_CROSSWALK.md
TH567,Khalil Brown Attendance Inquiry,1.74161e+09,THREAD_PROJECT_CROSSWALK.md
TH568,Unconditional surrender definition,1.74162e+09,THREAD_PROJECT_CROSSWALK.md
TH569,Grammatical check request,1.74163e+09,THREAD_PROJECT_CROSSWALK.md
TH570,Fix Fortinet Chrome Issue,1.74163e+09,THREAD_PROJECT_CROSSWALK.md
TH571,Stop Sneaker Odor,1.74164e+09,THREAD_PROJECT_CROSSWALK.md
TH572,Cover letter review,1.74145e+09,THREAD_PROJECT_CROSSWALK.md
TH573,Attendance Sheet Summary,1.74161e+09,THREAD_PROJECT_CROSSWALK.md
TH574,Offensive Terms and Responses,1.74188e+09,THREAD_PROJECT_CROSSWALK.md
TH575,Poetic Writing Feedback,1.74173e+09,THREAD_PROJECT_CROSSWALK.md
TH576,Penny Doubling Calculation,1.74187e+09,THREAD_PROJECT_CROSSWALK.md
TH577,Magical Objects and Symbols,1.74197e+09,THREAD_PROJECT_CROSSWALK.md
TH578,Opposites of At Ease,1.74198e+09,THREAD_PROJECT_CROSSWALK.md
TH579,Getting Over Long Relationships,1.74208e+09,THREAD_PROJECT_CROSSWALK.md
TH580,Covid-19 Treatments Overview,1.74214e+09,THREAD_PROJECT_CROSSWALK.md
TH581,Resume Revision Options,1.74232e+09,THREAD_PROJECT_CROSSWALK.md
TH582,Resume and Cover Letter Review,1.74165e+09,THREAD_PROJECT_CROSSWALK.md
TH583,Email Relay Error BC,1.74233e+09,THREAD_PROJECT_CROSSWALK.md
TH584,Sonnets for Undergrad Class,1.74234e+09,THREAD_PROJECT_CROSSWALK.md
TH585,Export Individual Clips PP,1.74249e+09,THREAD_PROJECT_CROSSWALK.md
TH586,Flatten Nested Sequences Premiere,1.74275e+09,THREAD_PROJECT_CROSSWALK.md
TH587,Course Structure Optimization,1.74237e+09,THREAD_PROJECT_CROSSWALK.md
TH588,Narrative Essay Feedback Protocol,1.74233e+09,THREAD_PROJECT_CROSSWALK.md
TH589,Oral Syringe Accuracy,1.74292e+09,THREAD_PROJECT_CROSSWALK.md
TH590,Project Cleanup Plan,1.74296e+09,THREAD_PROJECT_CROSSWALK.md
TH591,Jaw Abscess Home Treatment,1.74301e+09,THREAD_PROJECT_CROSSWALK.md
TH592,Outlook DND Setup,1.74304e+09,THREAD_PROJECT_CROSSWALK.md
TH593,Spotlight Effect in Premiere,1.74257e+09,THREAD_PROJECT_CROSSWALK.md
TH594,Missing Assignments Follow-up,1.74281e+09,THREAD_PROJECT_CROSSWALK.md
TH595,Emma Roberts and Freddie Highmore,1.74335e+09,THREAD_PROJECT_CROSSWALK.md
TH596,Post-Shave Skin Care,1.74328e+09,THREAD_PROJECT_CROSSWALK.md
TH597,Rhyme Pattern Continuation,1.74334e+09,THREAD_PROJECT_CROSSWALK.md
TH598,Bold .mov Find Replace,1.74335e+09,THREAD_PROJECT_CROSSWALK.md
TH599,Apple Music Requeue Help,1.74339e+09,THREAD_PROJECT_CROSSWALK.md
TH600,Keyframe Spacing Premiere Pro,1.74304e+09,THREAD_PROJECT_CROSSWALK.md
TH601,Scale and Clarification Request,1.74339e+09,THREAD_PROJECT_CROSSWALK.md
TH602,Generate style variations,1.7434e+09,THREAD_PROJECT_CROSSWALK.md
TH603,Film Suggestions and Assignment,1.74052e+09,THREAD_PROJECT_CROSSWALK.md
TH604,St Paul's ABHES Form,1.73861e+09,THREAD_PROJECT_CROSSWALK.md
TH605,Assignment Submission Review,1.73974e+09,THREAD_PROJECT_CROSSWALK.md
TH606,Grading Memo Assignment,1.74041e+09,THREAD_PROJECT_CROSSWALK.md
TH607,Multiple Numbers on Mac,1.73956e+09,THREAD_PROJECT_CROSSWALK.md
TH608,Unify Google Accounts,1.74002e+09,THREAD_PROJECT_CROSSWALK.md
TH609,Duplicate Contact Mac,1.73957e+09,THREAD_PROJECT_CROSSWALK.md
TH610,Classroom Management Strategies,1.73989e+09,THREAD_PROJECT_CROSSWALK.md
TH611,Peer Review Feedback Request,1.73984e+09,THREAD_PROJECT_CROSSWALK.md
TH612,Late Registration Request Response,1.73982e+09,THREAD_PROJECT_CROSSWALK.md
TH613,Email Name Suggestions,1.73956e+09,THREAD_PROJECT_CROSSWALK.md
TH614,AJP Arts Naming Ideas,1.73963e+09,THREAD_PROJECT_CROSSWALK.md
TH615,Safari Password Storage,1.73961e+09,THREAD_PROJECT_CROSSWALK.md
TH616,Linking PayPal Accounts,1.73956e+09,THREAD_PROJECT_CROSSWALK.md
TH617,Linking PayPal Accounts,1.73956e+09,THREAD_PROJECT_CROSSWALK.md
TH618,Delete address PayPal error,1.73955e+09,THREAD_PROJECT_CROSSWALK.md
TH619,Cover Letter Strategy,1.7395e+09,THREAD_PROJECT_CROSSWALK.md
TH620,Subscription Cancellation Request,1.73955e+09,THREAD_PROJECT_CROSSWALK.md
TH621,Excel Financial Functions,1.73952e+09,THREAD_PROJECT_CROSSWALK.md
TH622,4Bloom Project Organization,1.73951e+09,THREAD_PROJECT_CROSSWALK.md
TH623,Future Funding Projections,1.72732e+09,THREAD_PROJECT_CROSSWALK.md
TH624,AJP Media Arts Framework,1.73951e+09,THREAD_PROJECT_CROSSWALK.md
TH625,AJP Media Arts Structure,1.7395e+09,THREAD_PROJECT_CROSSWALK.md
TH626,Deposit Check Without Bank,1.73715e+09,THREAD_PROJECT_CROSSWALK.md
TH627,Word Count in Notes,1.73951e+09,THREAD_PROJECT_CROSSWALK.md
TH628,Leetspeak Alphabet Guide,1.7395e+09,THREAD_PROJECT_CROSSWALK.md
TH629,Grindr Bio Brainstorm,1.73829e+09,THREAD_PROJECT_CROSSWALK.md
TH630,LGBTQ+ Summer in LI,1.73535e+09,THREAD_PROJECT_CROSSWALK.md
TH631,Experimental Short Film Submission,1.6776e+09,THREAD_PROJECT_CROSSWALK.md
TH632,Minecraft Castle Building Script,1.67227e+09,THREAD_PROJECT_CROSSWALK.md
TH633,Snare Drum Synthesis Max,1.70018e+09,THREAD_PROJECT_CROSSWALK.md
TH634,No-budget screenplay tips.,1.67837e+09,THREAD_PROJECT_CROSSWALK.md
TH635,Describe Cello Sound Quality,1.67228e+09,THREAD_PROJECT_CROSSWALK.md
TH636,ADSR Settings for Hi-Hat,1.67226e+09,THREAD_PROJECT_CROSSWALK.md
TH637,Writers Struggling with Identity,1.73428e+09,THREAD_PROJECT_CROSSWALK.md
TH638,Personal Brand Development Plan,1.73864e+09,THREAD_PROJECT_CROSSWALK.md
TH639,QUEER Project Thread Summary,1.73863e+09,THREAD_PROJECT_CROSSWALK.md
TH640,Medium Cross-Promotion Strategy,1.73863e+09,THREAD_PROJECT_CROSSWALK.md
TH641,Queer Project Growth Strategy,1.73862e+09,THREAD_PROJECT_CROSSWALK.md
TH642,Queer Project (from MET4morfoses project folder thread),1.73862e+09,THREAD_PROJECT_CROSSWALK.md
TH643,Monetization Strategy Priorities,1.73864e+09,THREAD_PROJECT_CROSSWALK.md
TH644,GRINDER Project Threads Summary,1.73863e+09,THREAD_PROJECT_CROSSWALK.md
TH645,Grinder Blair Witch Fear,1.73863e+09,THREAD_PROJECT_CROSSWALK.md
TH646,QUEER Growth Strategy,1.73863e+09,THREAD_PROJECT_CROSSWALK.md
TH647,Release Strategy Enhancement,1.73863e+09,THREAD_PROJECT_CROSSWALK.md
TH648,Dating App Murders Summary,1.73853e+09,THREAD_PROJECT_CROSSWALK.md
TH649,Outline Help - Screenplay,1.67944e+09,THREAD_PROJECT_CROSSWALK.md
TH650,Grinder Project Public Creation,1.73848e+09,THREAD_PROJECT_CROSSWALK.md
TH651,Property Commission Calculations,1.70873e+09,THREAD_PROJECT_CROSSWALK.md
TH652,Inflated Costs Covered Offered,1.70906e+09,THREAD_PROJECT_CROSSWALK.md
TH653,Organize Files Efficiently,1.71036e+09,THREAD_PROJECT_CROSSWALK.md
TH654,Digital Beauty Solutions,1.70866e+09,THREAD_PROJECT_CROSSWALK.md
TH655,Zap for MCA Agreement,1.70944e+09,THREAD_PROJECT_CROSSWALK.md
TH656,Google Sheets: Add People List,1.71107e+09,THREAD_PROJECT_CROSSWALK.md
TH657,Draft E-blast Hall Prestige,1.71112e+09,THREAD_PROJECT_CROSSWALK.md
TH658,MDC Alumni Hall Celebration,1.70801e+09,THREAD_PROJECT_CROSSWALK.md
TH659,Point GoDaddy Domains Hostinger.,1.71147e+09,THREAD_PROJECT_CROSSWALK.md
TH660,Flat Design Style,1.71147e+09,THREAD_PROJECT_CROSSWALK.md
TH661,Medical Cash Advance Options,1.70933e+09,THREAD_PROJECT_CROSSWALK.md
TH662,Test Landing Pages with Meta,1.70979e+09,THREAD_PROJECT_CROSSWALK.md
TH663,Organize Computer Files,1.70946e+09,THREAD_PROJECT_CROSSWALK.md
TH664,Cash Advance Audience Estimate,1.70943e+09,THREAD_PROJECT_CROSSWALK.md
TH665,Funding Options Overview,1.70943e+09,THREAD_PROJECT_CROSSWALK.md
TH666,High-Ticket Industries for MCAs,1.70934e+09,THREAD_PROJECT_CROSSWALK.md
TH667,Ruth Greenfield Memorial Tribute,1.70723e+09,THREAD_PROJECT_CROSSWALK.md
TH668,Common Virtues Overview,1.73717e+09,THREAD_PROJECT_CROSSWALK.md
TH669,Trazodone Dreams Explained,1.73601e+09,THREAD_PROJECT_CROSSWALK.md
TH670,Adding Services to Chrome,1.73748e+09,THREAD_PROJECT_CROSSWALK.md
TH671,What does con mean,1.73794e+09,THREAD_PROJECT_CROSSWALK.md
TH672,Florida Real Estate License: Steps & Costs,1.70874e+09,THREAD_PROJECT_CROSSWALK.md
TH673,Squarespace + Unbounce + Google Ads,1.70811e+09,THREAD_PROJECT_CROSSWALK.md
TH674,Open LLC for Media Ventures,1.70276e+09,THREAD_PROJECT_CROSSWALK.md
TH675,Single LLC for Multiple Businesses,1.70274e+09,THREAD_PROJECT_CROSSWALK.md
TH676,Move LLC to Florida,1.70226e+09,THREAD_PROJECT_CROSSWALK.md
TH677,Marketing Services for Transport,1.70111e+09,THREAD_PROJECT_CROSSWALK.md
TH678,Florida Community College Grants,1.6847e+09,THREAD_PROJECT_CROSSWALK.md
TH679,Define Entrepreneurship,1.67294e+09,THREAD_PROJECT_CROSSWALK.md
TH680,SEO Blog Post Rates,1.70112e+09,THREAD_PROJECT_CROSSWALK.md
TH681,Social Media User Base,1.72868e+09,THREAD_PROJECT_CROSSWALK.md
TH682,Meta Ad Spend Trends,1.73897e+09,THREAD_PROJECT_CROSSWALK.md
TH683,Delete Canvas Course Content,1.73636e+09,THREAD_PROJECT_CROSSWALK.md
TH684,Possible Scam Alert,1.73396e+09,THREAD_PROJECT_CROSSWALK.md
TH685,Professional LinkedIn Headshot,1.72148e+09,THREAD_PROJECT_CROSSWALK.md
TH686,Abstract Portrait Design,1.72148e+09,THREAD_PROJECT_CROSSWALK.md
TH687,Higher Education Staten Island,1.73594e+09,THREAD_PROJECT_CROSSWALK.md
TH688,Commercial Sales Manager Requirements,1.73611e+09,THREAD_PROJECT_CROSSWALK.md
TH689,Remote Teaching Opportunities List,1.73604e+09,THREAD_PROJECT_CROSSWALK.md
TH690,Becoming a Psychiatrist,1.7361e+09,THREAD_PROJECT_CROSSWALK.md
TH691,Engagement Ring Alternatives,1.72794e+09,THREAD_PROJECT_CROSSWALK.md
TH692,Paper Topic Guidance,1.72773e+09,THREAD_PROJECT_CROSSWALK.md
TH693,Remote Job Search Assistance,1.71684e+09,THREAD_PROJECT_CROSSWALK.md
TH694,Career advice for $200k,1.6834e+09,THREAD_PROJECT_CROSSWALK.md
TH695,Become High School Teacher Florida,1.67319e+09,THREAD_PROJECT_CROSSWALK.md
TH696,Becoming a Full-Stack Developer.,1.67762e+09,THREAD_PROJECT_CROSSWALK.md
TH697,Disability Benefits Overview,1.7361e+09,THREAD_PROJECT_CROSSWALK.md
TH698,Business Funding Ad Revision,1.73801e+09,THREAD_PROJECT_CROSSWALK.md
TH699,Business Funding Access Criteria,1.73765e+09,THREAD_PROJECT_CROSSWALK.md
TH700,Conditional Logic Form Design,1.73829e+09,THREAD_PROJECT_CROSSWALK.md
TH701,CSV Format for Questions,1.73829e+09,THREAD_PROJECT_CROSSWALK.md
TH702,Resume Forwarding Request,1.73445e+09,THREAD_PROJECT_CROSSWALK.md
TH703,Transitioning from MLM,1.72782e+09,THREAD_PROJECT_CROSSWALK.md
TH704,Email blast software options.,1.6808e+09,THREAD_PROJECT_CROSSWALK.md
TH705,Ad Revenue on YouTube.,1.67898e+09,THREAD_PROJECT_CROSSWALK.md
TH706,Define API,1.67225e+09,THREAD_PROJECT_CROSSWALK.md
TH707,Define RPM Youtube,1.67226e+09,THREAD_PROJECT_CROSSWALK.md
TH708,Squarespace SEO Options Guide,1.70277e+09,THREAD_PROJECT_CROSSWALK.md
TH709,Office Space Business Ideas,1.73637e+09,THREAD_PROJECT_CROSSWALK.md
TH710,English Businesses PPC Potential,1.72798e+09,THREAD_PROJECT_CROSSWALK.md
TH711,Horoscope Market Size Insights,1.72879e+09,THREAD_PROJECT_CROSSWALK.md
TH712,Sticky Bar Link Conversion,1.72394e+09,THREAD_PROJECT_CROSSWALK.md
TH713,MCA Potential on FB IG,1.7273e+09,THREAD_PROJECT_CROSSWALK.md
TH714,PPC Lead Generation Pitch,1.72333e+09,THREAD_PROJECT_CROSSWALK.md
TH715,Calculating ROI for Ads,1.72295e+09,THREAD_PROJECT_CROSSWALK.md
TH716,Unified E-commerce Inventory Solution,1.71857e+09,THREAD_PROJECT_CROSSWALK.md
TH717,Meta ads: Performance max campaign,1.70683e+09,THREAD_PROJECT_CROSSWALK.md
TH718,Move High-Performing Ads Strategically,1.7056e+09,THREAD_PROJECT_CROSSWALK.md
TH719,Insert First Name Code,1.70663e+09,THREAD_PROJECT_CROSSWALK.md
TH720,Best Man Speech Timing,1.72757e+09,THREAD_PROJECT_CROSSWALK.md
TH721,Unconditional Love Definition,1.7277e+09,THREAD_PROJECT_CROSSWALK.md
TH722,Attractive vs Sexy,1.73335e+09,THREAD_PROJECT_CROSSWALK.md
TH723,Be a Queen,1.73629e+09,THREAD_PROJECT_CROSSWALK.md
TH724,Monetize Multimedia Art Online,1.70871e+09,THREAD_PROJECT_CROSSWALK.md
TH725,Victor Laszlo Character Summary,1.73845e+09,THREAD_PROJECT_CROSSWALK.md
TH726,Protagonist vs Antagonist,1.73872e+09,THREAD_PROJECT_CROSSWALK.md
TH727,Examples of Verbal Irony,1.73872e+09,THREAD_PROJECT_CROSSWALK.md
TH728,Cold as Adjective,1.73826e+09,THREAD_PROJECT_CROSSWALK.md
TH729,Skills from Adversity,1.73584e+09,THREAD_PROJECT_CROSSWALK.md
TH730,Theoretical Accountability Analysis,1.73359e+09,THREAD_PROJECT_CROSSWALK.md
TH731,Journal Organization Tips,1.73206e+09,THREAD_PROJECT_CROSSWALK.md
TH732,Two Men DNA Impregnation,1.72783e+09,THREAD_PROJECT_CROSSWALK.md
TH733,Life Struggles and Support,1.73032e+09,THREAD_PROJECT_CROSSWALK.md
TH734,Birthday Sharing Statistics,1.73846e+09,THREAD_PROJECT_CROSSWALK.md
TH735,Ready to Help,1.73527e+09,THREAD_PROJECT_CROSSWALK.md
TH736,Canzone di compleanno italiana,1.73042e+09,THREAD_PROJECT_CROSSWALK.md
TH737,Fat Female Rock Bands,1.72654e+09,THREAD_PROJECT_CROSSWALK.md
TH738,Cause of Death for Women,1.73947e+09,THREAD_PROJECT_CROSSWALK.md
TH739,Shows with Year in Title,1.72956e+09,THREAD_PROJECT_CROSSWALK.md
TH740,Job Details and Hours,1.70594e+09,THREAD_PROJECT_CROSSWALK.md
TH741,ADA Reevaluation Request,1.71209e+09,THREAD_PROJECT_CROSSWALK.md
TH742,Partial Unemployment with Part-time,1.71812e+09,THREAD_PROJECT_CROSSWALK.md
TH743,Lease Non-Renewal Request,1.71864e+09,THREAD_PROJECT_CROSSWALK.md
TH744,Boca Raton Address Location,1.72564e+09,THREAD_PROJECT_CROSSWALK.md
TH745,Florida Unemployment Benefits Guide,1.73611e+09,THREAD_PROJECT_CROSSWALK.md
TH746,Missed Payments and Repossession,1.73604e+09,THREAD_PROJECT_CROSSWALK.md
TH747,Florida DL NYS ID,1.73619e+09,THREAD_PROJECT_CROSSWALK.md
TH748,GEICO payment cancellation policy,1.7362e+09,THREAD_PROJECT_CROSSWALK.md
TH749,NYC Ticket Late Fees,1.73621e+09,THREAD_PROJECT_CROSSWALK.md
TH750,W-4 form guidance,1.73637e+09,THREAD_PROJECT_CROSSWALK.md
TH751,Unemployment with LLC Loss,1.73627e+09,THREAD_PROJECT_CROSSWALK.md
TH752,Monetary Determination Instructions,1.73678e+09,THREAD_PROJECT_CROSSWALK.md
TH753,Eye Nose Growth Facts,1.73283e+09,THREAD_PROJECT_CROSSWALK.md
TH754,Polite rejection advice,1.73128e+09,THREAD_PROJECT_CROSSWALK.md
TH755,Developing ChatGPT API,1.67284e+09,THREAD_PROJECT_CROSSWALK.md
TH756,YouTube Egg Titles,1.67295e+09,THREAD_PROJECT_CROSSWALK.md
TH757,"Demographics Of TX, FL, GA",1.67295e+09,THREAD_PROJECT_CROSSWALK.md
TH758,Sunken Cost Fallacy Definition,1.67296e+09,THREAD_PROJECT_CROSSWALK.md
TH759,Define Western Tradition,1.67302e+09,THREAD_PROJECT_CROSSWALK.md
TH760,Effective Online Dating Openers,1.67316e+09,THREAD_PROJECT_CROSSWALK.md
TH761,Qualities of a Sociopath,1.67321e+09,THREAD_PROJECT_CROSSWALK.md
TH762,Gibson Gamble Frustration,1.67772e+09,THREAD_PROJECT_CROSSWALK.md
TH763,Reggae band names.,1.67777e+09,THREAD_PROJECT_CROSSWALK.md
TH764,Autism Diagnosis Shared.,1.67838e+09,THREAD_PROJECT_CROSSWALK.md
TH765,Flounder Definition,1.68087e+09,THREAD_PROJECT_CROSSWALK.md
TH766,Non-Explicit OnlyFans Channels,1.68156e+09,THREAD_PROJECT_CROSSWALK.md
TH767,Top 10 Project Management Skills,1.69567e+09,THREAD_PROJECT_CROSSWALK.md
TH768,Skills-Based Resume Revamp,1.69552e+09,THREAD_PROJECT_CROSSWALK.md
TH769,CPU vs GPU performance.,1.68265e+09,THREAD_PROJECT_CROSSWALK.md
TH770,"Nirvana: ""Dumb"" Chords",1.6836e+09,THREAD_PROJECT_CROSSWALK.md
TH771,Dancehall Genre Characteristics,1.6836e+09,THREAD_PROJECT_CROSSWALK.md
TH772,Song Title Ideas,1.6858e+09,THREAD_PROJECT_CROSSWALK.md
TH773,Open-source LGBTQ+ Dating Potential,1.6962e+09,THREAD_PROJECT_CROSSWALK.md
TH774,Dubstep History,1.6847e+09,THREAD_PROJECT_CROSSWALK.md
TH775,Omakase Sushi Experience,1.68487e+09,THREAD_PROJECT_CROSSWALK.md
TH776,Consent Anthem,1.68507e+09,THREAD_PROJECT_CROSSWALK.md
TH777,ISFP-ENFP Romantic Compatibility,1.68541e+09,THREAD_PROJECT_CROSSWALK.md
TH778,Building GPT-4 Education API,1.68661e+09,THREAD_PROJECT_CROSSWALK.md
TH779,Tarot Reading Insights,1.6982e+09,THREAD_PROJECT_CROSSWALK.md
TH780,Fast Permit Runner Feedback,1.69792e+09,THREAD_PROJECT_CROSSWALK.md
TH781,Happy Hour Finder Solution,1.69672e+09,THREAD_PROJECT_CROSSWALK.md
TH782,3D Cubism Art Exploration,1.69755e+09,THREAD_PROJECT_CROSSWALK.md
TH783,Resume Strengths and Weaknesses,1.69766e+09,THREAD_PROJECT_CROSSWALK.md
TH784,Homemade Hair Leave-In Cream,1.69765e+09,THREAD_PROJECT_CROSSWALK.md
TH785,Rhetorical Analysis Thesis Examples,1.69767e+09,THREAD_PROJECT_CROSSWALK.md
TH786,Celtic Cross Tarot Reading,1.6982e+09,THREAD_PROJECT_CROSSWALK.md
TH787,"High-Fiber, Easily Digestible Diet",1.69887e+09,THREAD_PROJECT_CROSSWALK.md
TH788,SEO Keywords for South Florida,1.69871e+09,THREAD_PROJECT_CROSSWALK.md
TH789,Florida Permitting Services' SEO,1.69835e+09,THREAD_PROJECT_CROSSWALK.md
TH790,Rotate Image in Photoshop,1.69949e+09,THREAD_PROJECT_CROSSWALK.md
TH791,Fast Permit Runner Logos,1.69809e+09,THREAD_PROJECT_CROSSWALK.md
TH792,Explaining Mimesis in Art,1.69992e+09,THREAD_PROJECT_CROSSWALK.md
TH793,Minimal Logo Iterations,1.70032e+09,THREAD_PROJECT_CROSSWALK.md
TH794,Business Services: Start-Up Guide,1.70095e+09,THREAD_PROJECT_CROSSWALK.md
TH795,Swiss Army Knife and Similar Tools,1.70243e+09,THREAD_PROJECT_CROSSWALK.md
TH796,Major Cities in South Florida,1.70249e+09,THREAD_PROJECT_CROSSWALK.md
TH797,Targeting for Merchant Cash Advances,1.70252e+09,THREAD_PROJECT_CROSSWALK.md
TH798,Holiday Images for Business,1.70267e+09,THREAD_PROJECT_CROSSWALK.md
TH799,Ad Copywriting Tips,1.70267e+09,THREAD_PROJECT_CROSSWALK.md
TH800,Santa in Various Professions,1.70252e+09,THREAD_PROJECT_CROSSWALK.md
TH801,Quick Capital for Businesses,1.70277e+09,THREAD_PROJECT_CROSSWALK.md
TH802,Quick Merchant Cash Advances,1.70278e+09,THREAD_PROJECT_CROSSWALK.md
TH803,Categorize Ulti Tool Media,1.70311e+09,THREAD_PROJECT_CROSSWALK.md
TH804,Elevated Name Options,1.70312e+09,THREAD_PROJECT_CROSSWALK.md
TH805,Request for Accommodations Letter,1.70164e+09,THREAD_PROJECT_CROSSWALK.md
TH806,Yunioshi's Role in Tiffany's,1.7059e+09,THREAD_PROJECT_CROSSWALK.md
TH807,Social Media Strategy for Construction,1.7044e+09,THREAD_PROJECT_CROSSWALK.md
TH808,Text on Curve in Illustrator,1.70492e+09,THREAD_PROJECT_CROSSWALK.md
TH809,Two-Syllable Versions Needed,1.70588e+09,THREAD_PROJECT_CROSSWALK.md
TH810,Cubic vs Azul Imagery,1.70588e+09,THREAD_PROJECT_CROSSWALK.md
TH811,February Social Media Calendar,1.70613e+09,THREAD_PROJECT_CROSSWALK.md
TH812,Business Funding Phrases Pattern,1.70725e+09,THREAD_PROJECT_CROSSWALK.md
TH813,GED in Florida 2024 Guide,1.70742e+09,THREAD_PROJECT_CROSSWALK.md
TH814,Helping SMMA with MCA,1.70242e+09,THREAD_PROJECT_CROSSWALK.md
TH815,AI Marketing Solutions: South Florida,1.70863e+09,THREAD_PROJECT_CROSSWALK.md
TH816,Meta Ads Fee Summary,1.70984e+09,THREAD_PROJECT_CROSSWALK.md
TH817,Business Boost with MCA,1.71019e+09,THREAD_PROJECT_CROSSWALK.md
TH818,Auto start Honda CR-V,1.73949e+09,THREAD_PROJECT_CROSSWALK.md
TH819,File Organization Strategy,1.73949e+09,THREAD_PROJECT_CROSSWALK.md
TH820,Aquaphor Uses and Benefits,1.73949e+09,THREAD_PROJECT_CROSSWALK.md
TH821,Florida LLC Publication Requirement,1.72903e+09,THREAD_PROJECT_CROSSWALK.md
TH822,Legal Guidance Request,1.72711e+09,THREAD_PROJECT_CROSSWALK.md
TH823,Bisque vs Chowder Differences,1.72584e+09,THREAD_PROJECT_CROSSWALK.md
TH824,Restaurant Investment Longevity vs Trend,1.73947e+09,THREAD_PROJECT_CROSSWALK.md
TH825,Harassment and Restraining Orders,1.73195e+09,THREAD_PROJECT_CROSSWALK.md
TH826,Name Combination Suggestions,1.73672e+09,THREAD_PROJECT_CROSSWALK.md
TH827,Retrieving Gifts After Breakup,1.72822e+09,THREAD_PROJECT_CROSSWALK.md
TH828,Police Escort for Belongings,1.72601e+09,THREAD_PROJECT_CROSSWALK.md
TH829,Ultimatum and Resolution,1.72601e+09,THREAD_PROJECT_CROSSWALK.md
TH830,Recovering Paid Rent,1.72582e+09,THREAD_PROJECT_CROSSWALK.md
TH831,Estate and Insurance Help,1.72598e+09,THREAD_PROJECT_CROSSWALK.md
TH832,Single Men Income Marriage,1.7281e+09,THREAD_PROJECT_CROSSWALK.md
TH833,Coconut Fatalities Statistics,1.73069e+09,THREAD_PROJECT_CROSSWALK.md
TH834,Women Fertility Age Limit,1.73142e+09,THREAD_PROJECT_CROSSWALK.md
TH835,Fight Club Quote,1.73629e+09,THREAD_PROJECT_CROSSWALK.md
TH836,Joker Quote Analysis,1.73629e+09,THREAD_PROJECT_CROSSWALK.md
TH837,Robin Williams Teacher Poem,1.73602e+09,THREAD_PROJECT_CROSSWALK.md
TH838,Peter Pan's Shadow Meaning,1.73535e+09,THREAD_PROJECT_CROSSWALK.md
TH839,Limb that Sins Verse,1.73535e+09,THREAD_PROJECT_CROSSWALK.md
TH840,Being Honest on Grindr,1.73326e+09,THREAD_PROJECT_CROSSWALK.md
TH841,Rip Van Winkle Story,1.73281e+09,THREAD_PROJECT_CROSSWALK.md
TH842,Siddhartha and Buddha Connection,1.73272e+09,THREAD_PROJECT_CROSSWALK.md
TH843,Cancel Wedding RSVP,1.73412e+09,THREAD_PROJECT_CROSSWALK.md
TH844,Conversation Summary Request,1.73535e+09,THREAD_PROJECT_CROSSWALK.md
TH845,Handling Sextortion Threats,1.7387e+09,THREAD_PROJECT_CROSSWALK.md
TH846,name analysis,1.73818e+09,THREAD_PROJECT_CROSSWALK.md
TH847,Love and Pain Proportionality,1.73139e+09,THREAD_PROJECT_CROSSWALK.md
TH848,Apology Refinement Advice,1.73117e+09,THREAD_PROJECT_CROSSWALK.md
TH849,Nuclear Weapons by Country,1.73085e+09,THREAD_PROJECT_CROSSWALK.md
TH850,Morning Message Responses,1.73055e+09,THREAD_PROJECT_CROSSWALK.md
TH851,Lowercase Formatting Request,1.73946e+09,THREAD_PROJECT_CROSSWALK.md
TH852,Place of Worship Terms,1.72853e+09,THREAD_PROJECT_CROSSWALK.md
TH853,Jesus God or Man,1.72868e+09,THREAD_PROJECT_CROSSWALK.md
TH854,Jewelry Business Write Offs,1.72799e+09,THREAD_PROJECT_CROSSWALK.md
TH855,Cremation Cost Overview,1.73033e+09,THREAD_PROJECT_CROSSWALK.md
TH856,Men Height Statistics,1.72698e+09,THREAD_PROJECT_CROSSWALK.md
TH857,Fingerprints on Paper Towel,1.72681e+09,THREAD_PROJECT_CROSSWALK.md
TH858,Legal Agreement for Payout,1.72642e+09,THREAD_PROJECT_CROSSWALK.md
TH859,Modernist Literature and Identity,1.72814e+09,THREAD_PROJECT_CROSSWALK.md
TH860,Myshkin in St Petersburg,1.72954e+09,THREAD_PROJECT_CROSSWALK.md
TH861,Bible Verses on Temptation,1.72956e+09,THREAD_PROJECT_CROSSWALK.md
TH862,Albatross Symbolism Explained,1.73077e+09,THREAD_PROJECT_CROSSWALK.md
TH863,Olde English Translation Request,1.73064e+09,THREAD_PROJECT_CROSSWALK.md
TH864,Fallen Planets in Astrology,1.71753e+09,THREAD_PROJECT_CROSSWALK.md
TH865,Ancient Drugs Evolved Modern.,1.71275e+09,THREAD_PROJECT_CROSSWALK.md
TH866,Earworm Definition,1.73947e+09,THREAD_PROJECT_CROSSWALK.md
TH867,Pull-String Talking Toys,1.72531e+09,THREAD_PROJECT_CROSSWALK.md
TH868,Logical Fallacy Explained,1.72487e+09,THREAD_PROJECT_CROSSWALK.md
TH869,Famous Bridge Builders,1.72373e+09,THREAD_PROJECT_CROSSWALK.md
TH870,Gemini Rising Sign Characteristics,1.71721e+09,THREAD_PROJECT_CROSSWALK.md
TH871,First Slavery Instances Mesopotamia,1.72032e+09,THREAD_PROJECT_CROSSWALK.md
TH872,"Pallas: Myth, Astronomy, Biology",1.72068e+09,THREAD_PROJECT_CROSSWALK.md
TH873,Rich Man Eye Needle,1.7303e+09,THREAD_PROJECT_CROSSWALK.md
TH874,Conference House Historical Significance,1.72961e+09,THREAD_PROJECT_CROSSWALK.md
TH875,Morningstar is Lucifer's nickname,1.71941e+09,THREAD_PROJECT_CROSSWALK.md
TH876,Aries-Pisces Romantic Dynamics,1.71555e+09,THREAD_PROJECT_CROSSWALK.md
TH877,Vizcaya Architecture Style,1.73947e+09,THREAD_PROJECT_CROSSWALK.md
TH878,Género de Machucando,1.73947e+09,THREAD_PROJECT_CROSSWALK.md
TH879,Narratology and Story Analysis,1.73889e+09,THREAD_PROJECT_CROSSWALK.md
TH880,Value of Sad Art,1.73947e+09,THREAD_PROJECT_CROSSWALK.md
TH881,SOS vs Ctrl Themes,1.73947e+09,THREAD_PROJECT_CROSSWALK.md
TH882,AI-Powered Full-Stack Marketing,1.71178e+09,THREAD_PROJECT_CROSSWALK.md
TH883,GoDaddy Hostinger domain setup,1.71179e+09,THREAD_PROJECT_CROSSWALK.md
TH884,Real Estate Content Strategy,1.71183e+09,THREAD_PROJECT_CROSSWALK.md
TH885,Full Stack Marketing Services,1.71183e+09,THREAD_PROJECT_CROSSWALK.md
TH886,Iconic Full Stack Marketing.,1.71191e+09,THREAD_PROJECT_CROSSWALK.md
TH887,Client Google Drive Structure,1.71106e+09,THREAD_PROJECT_CROSSWALK.md
TH888,Ulti Tool Media Packages,1.71199e+09,THREAD_PROJECT_CROSSWALK.md
TH889,Digital Marketing Services Presentation,1.71294e+09,THREAD_PROJECT_CROSSWALK.md
TH890,Enhancing Online Presence,1.71312e+09,THREAD_PROJECT_CROSSWALK.md
TH891,Register Now for Classes,1.71319e+09,THREAD_PROJECT_CROSSWALK.md
TH892,Subscription Plans: Marketing Essentials.,1.71338e+09,THREAD_PROJECT_CROSSWALK.md
TH893,Enhanced Digital Marketing Suite,1.71338e+09,THREAD_PROJECT_CROSSWALK.md
TH894,Bold Online Partnership Invitation,1.71339e+09,THREAD_PROJECT_CROSSWALK.md
TH895,Free Logo Consult & Newsletter,1.71347e+09,THREAD_PROJECT_CROSSWALK.md
TH896,Keyword Organization and Formatting,1.72805e+09,THREAD_PROJECT_CROSSWALK.md
TH897,GHB Effects & Risks,1.71351e+09,THREAD_PROJECT_CROSSWALK.md
TH898,Digital Services for Success,1.71357e+09,THREAD_PROJECT_CROSSWALK.md
TH899,Plagiarism Policy Reminder,1.71416e+09,THREAD_PROJECT_CROSSWALK.md
TH900,Max Impact Web Solutions,1.7145e+09,THREAD_PROJECT_CROSSWALK.md
TH901,Marketing Agency Investor Proposal,1.7175e+09,THREAD_PROJECT_CROSSWALK.md
TH902,Website vs. Landing Page,1.71098e+09,THREAD_PROJECT_CROSSWALK.md
TH903,Nursing Scholarship Support Initiative,1.71207e+09,THREAD_PROJECT_CROSSWALK.md
TH904,Luxury Property Showcase,1.71218e+09,THREAD_PROJECT_CROSSWALK.md
TH905,Impressive Growth with Ulti,1.71236e+09,THREAD_PROJECT_CROSSWALK.md
TH906,Maximize Digital Marketing Potential,1.71245e+09,THREAD_PROJECT_CROSSWALK.md
TH907,Change Artboard Sizes Script,1.71259e+09,THREAD_PROJECT_CROSSWALK.md
TH908,NDA for Ulti Tool.,1.71271e+09,THREAD_PROJECT_CROSSWALK.md
TH909,Fix Google Business Profile,1.71276e+09,THREAD_PROJECT_CROSSWALK.md
TH910,Digital Marketing Services,1.7121e+09,THREAD_PROJECT_CROSSWALK.md
TH911,Outstanding Recommendation for Antonio,1.71561e+09,THREAD_PROJECT_CROSSWALK.md
TH912,Organize and alphabetize skills,1.71587e+09,THREAD_PROJECT_CROSSWALK.md
TH913,Cosmetic Ingredient Benefits: Guidelines,1.71591e+09,THREAD_PROJECT_CROSSWALK.md
TH914,Task Planning: Email and Website,1.71648e+09,THREAD_PROJECT_CROSSWALK.md
TH915,Skin Bundle Display Image,1.71685e+09,THREAD_PROJECT_CROSSWALK.md
TH916,Luxury Cleaning Service.,1.71691e+09,THREAD_PROJECT_CROSSWALK.md
TH917,Business Plan Structure Guide,1.71743e+09,THREAD_PROJECT_CROSSWALK.md
TH918,Monthly Client Turnover Rate,1.71755e+09,THREAD_PROJECT_CROSSWALK.md
TH919,Edit PDF Permissions Check.,1.71811e+09,THREAD_PROJECT_CROSSWALK.md
TH920,PPC Social Media Plan,1.71753e+09,THREAD_PROJECT_CROSSWALK.md
TH921,Financial Projections and Business Plan Merge,1.7176e+09,THREAD_PROJECT_CROSSWALK.md
TH922,Revise Column B Limit.,1.71784e+09,THREAD_PROJECT_CROSSWALK.md
TH923,Organic Candle Ambiance,1.71793e+09,THREAD_PROJECT_CROSSWALK.md
TH924,Personal Care Products.,1.71803e+09,THREAD_PROJECT_CROSSWALK.md
TH925,Student Success Alphabetized.,1.71813e+09,THREAD_PROJECT_CROSSWALK.md
TH926,Academic Integrity Policy Warning,1.71924e+09,THREAD_PROJECT_CROSSWALK.md
TH927,Favorite Bathing Suit Brands,1.71948e+09,THREAD_PROJECT_CROSSWALK.md
TH928,Develop Content Calendars,1.71949e+09,THREAD_PROJECT_CROSSWALK.md
TH929,Estimating Companies Research,1.71948e+09,THREAD_PROJECT_CROSSWALK.md
TH930,Upload WordPress Template: Steps,1.72046e+09,THREAD_PROJECT_CROSSWALK.md
TH931,LuxuryCreative.AI Digital Marketing,1.72046e+09,THREAD_PROJECT_CROSSWALK.md
TH932,Job Opportunities Based on Resume,1.72116e+09,THREAD_PROJECT_CROSSWALK.md
TH933,Candle Extinguishing Methods,1.72174e+09,THREAD_PROJECT_CROSSWALK.md
TH934,Luxury Business Name Ideas,1.72393e+09,THREAD_PROJECT_CROSSWALK.md
TH935,Request for Adding Student,1.72485e+09,THREAD_PROJECT_CROSSWALK.md
TH936,Snapping to Guides Illustrator,1.72566e+09,THREAD_PROJECT_CROSSWALK.md
TH937,Lavender Petals Query,1.7258e+09,THREAD_PROJECT_CROSSWALK.md
TH938,Affordable Nationwide Gym Options,1.72659e+09,THREAD_PROJECT_CROSSWALK.md
TH939,Back Pain Gym Guidelines,1.72684e+09,THREAD_PROJECT_CROSSWALK.md
TH940,Record Player Skipping Issues,1.7272e+09,THREAD_PROJECT_CROSSWALK.md
TH941,Peptide Dosing Duration Calculation,1.72733e+09,THREAD_PROJECT_CROSSWALK.md
TH942,Application Follow-Up Email,1.72711e+09,THREAD_PROJECT_CROSSWALK.md
TH943,Building AI Meeting Assistant,1.72391e+09,THREAD_PROJECT_CROSSWALK.md
TH944,Cold Sores and Herpes,1.72978e+09,THREAD_PROJECT_CROSSWALK.md
TH945,Yankees Game Tonight Details,1.73025e+09,THREAD_PROJECT_CROSSWALK.md
TH946,Income Range in the USA,1.73026e+09,THREAD_PROJECT_CROSSWALK.md
TH947,Antisocial Personality Disorder Criteria,1.7305e+09,THREAD_PROJECT_CROSSWALK.md
TH948,Keyword Organization and Expansion,1.72849e+09,THREAD_PROJECT_CROSSWALK.md
TH949,Weight Lifting Cardio Tips,1.72847e+09,THREAD_PROJECT_CROSSWALK.md
TH950,Job Application Preparation Steps,1.72849e+09,THREAD_PROJECT_CROSSWALK.md
TH951,Alphabetical Keyword Organization,1.72148e+09,THREAD_PROJECT_CROSSWALK.md
TH952,Cold Sore Contagion Timeline,1.73131e+09,THREAD_PROJECT_CROSSWALK.md
TH953,Max tramadol dose,1.73136e+09,THREAD_PROJECT_CROSSWALK.md
TH954,Scalp Moisturizing and Styling,1.73205e+09,THREAD_PROJECT_CROSSWALK.md
TH955,DSM-5 ASPD and PCL-R,1.73196e+09,THREAD_PROJECT_CROSSWALK.md
TH956,Medications for Racing Thoughts,1.73222e+09,THREAD_PROJECT_CROSSWALK.md
TH957,Build Muscle Lose Fat,1.73262e+09,THREAD_PROJECT_CROSSWALK.md
TH958,Rectal Medicine Absorption Time,1.73253e+09,THREAD_PROJECT_CROSSWALK.md
TH959,GPA Breakdown Calculation,1.73264e+09,THREAD_PROJECT_CROSSWALK.md
TH960,Drop Grades in D2L,1.73273e+09,THREAD_PROJECT_CROSSWALK.md
TH961,Flexible Schedule Availability,1.73281e+09,THREAD_PROJECT_CROSSWALK.md
TH962,Azithromycin for Strep Throat,1.73289e+09,THREAD_PROJECT_CROSSWALK.md
TH963,Unit 3 Resubmission Acknowledgment,1.72918e+09,THREAD_PROJECT_CROSSWALK.md
TH964,Finasteride refill request,1.73316e+09,THREAD_PROJECT_CROSSWALK.md
TH965,HIV and Strep Throat,1.73317e+09,THREAD_PROJECT_CROSSWALK.md
TH966,Finasteride dosage increase risks,1.73317e+09,THREAD_PROJECT_CROSSWALK.md
TH967,Essay Feedback Request,1.73092e+09,THREAD_PROJECT_CROSSWALK.md
TH968,Advil Anti-Inflammatory Properties,1.73332e+09,THREAD_PROJECT_CROSSWALK.md
TH969,Strep Throat Contagious Period,1.73333e+09,THREAD_PROJECT_CROSSWALK.md
TH970,Questionnaire Submission Confirmation,1.73333e+09,THREAD_PROJECT_CROSSWALK.md
TH971,PrEP effectiveness timeline,1.73325e+09,THREAD_PROJECT_CROSSWALK.md
TH972,rectal syringe inquiry,1.73363e+09,THREAD_PROJECT_CROSSWALK.md
TH973,Adjunct Faculty Application Letter,1.73364e+09,THREAD_PROJECT_CROSSWALK.md
TH974,Download iCloud Messages,1.73507e+09,THREAD_PROJECT_CROSSWALK.md
TH975,Max File Size Limit,1.73536e+09,THREAD_PROJECT_CROSSWALK.md
TH976,Improving OCR Accuracy,1.73539e+09,THREAD_PROJECT_CROSSWALK.md
TH977,Download Instagram Messages,1.7354e+09,THREAD_PROJECT_CROSSWALK.md
TH978,Ibuprofen vs Xanax Effects,1.73543e+09,THREAD_PROJECT_CROSSWALK.md
TH979,NY Booting Towing Rules,1.73584e+09,THREAD_PROJECT_CROSSWALK.md
TH980,Remove Autocomplete Word macOS,1.73587e+09,THREAD_PROJECT_CROSSWALK.md
TH981,St Pauls Nursing Tuition,1.73611e+09,THREAD_PROJECT_CROSSWALK.md
TH982,Selling a Leased Car,1.73629e+09,THREAD_PROJECT_CROSSWALK.md
TH983,doxyPEP and STI Prevention,1.73636e+09,THREAD_PROJECT_CROSSWALK.md
TH984,Medication Refill Request,1.73619e+09,THREAD_PROJECT_CROSSWALK.md
TH985,NYC Marijuana Drug Testing,1.73638e+09,THREAD_PROJECT_CROSSWALK.md
TH986,Willing to Relocate,1.73645e+09,THREAD_PROJECT_CROSSWALK.md
TH987,NJ Waterfall Trails,1.73648e+09,THREAD_PROJECT_CROSSWALK.md
TH988,Grindr Incognito Mode Guide,1.73691e+09,THREAD_PROJECT_CROSSWALK.md
TH989,Media Buyer Inquiry,1.73695e+09,THREAD_PROJECT_CROSSWALK.md
TH990,Add Email to GPG,1.73705e+09,THREAD_PROJECT_CROSSWALK.md
TH991,ASPD Test Questions,1.73846e+09,THREAD_PROJECT_CROSSWALK.md
TH992,Meth Withdrawal Timeline,1.73854e+09,THREAD_PROJECT_CROSSWALK.md
TH993,Secondhand Weed Smoke Effects,1.73853e+09,THREAD_PROJECT_CROSSWALK.md
TH994,Context Window and Memory,1.73819e+09,THREAD_PROJECT_CROSSWALK.md
TH995,Project Chat Sharing Limitations,1.73834e+09,THREAD_PROJECT_CROSSWALK.md
TH996,Fix SSL Issue,1.7386e+09,THREAD_PROJECT_CROSSWALK.md
TH997,Replace iTunes Match with AM,1.73868e+09,THREAD_PROJECT_CROSSWALK.md
TH998,Cleaning Leather Case Tips,1.73862e+09,THREAD_PROJECT_CROSSWALK.md
TH999,HTML to Word Conversion,1.73859e+09,THREAD_PROJECT_CROSSWALK.md
TH1000,Markdown to Google Docs,1.73869e+09,THREAD_PROJECT_CROSSWALK.md
TH1001,Insert Line in Notes,1.7387e+09,THREAD_PROJECT_CROSSWALK.md
TH1002,Markdown in Outlook,1.73873e+09,THREAD_PROJECT_CROSSWALK.md
TH1003,Table Option Greyed Out,1.73881e+09,THREAD_PROJECT_CROSSWALK.md
TH1004,Replacing iTunes Matched Tracks,1.73882e+09,THREAD_PROJECT_CROSSWALK.md
TH1005,Markdown Tab Indentation Tips,1.73886e+09,THREAD_PROJECT_CROSSWALK.md
TH1006,Writing Exercises for Exploration,1.73886e+09,THREAD_PROJECT_CROSSWALK.md
TH1007,ENG 101 Schedule Markdown,1.73942e+09,THREAD_PROJECT_CROSSWALK.md
TH1008,Module Content Balancing,1.73941e+09,THREAD_PROJECT_CROSSWALK.md
TH1009,Canvas Course Analysis,1.73942e+09,THREAD_PROJECT_CROSSWALK.md
TH1010,ENG 101 Schedule Review,1.73827e+09,THREAD_PROJECT_CROSSWALK.md
TH1011,Narrative Essay Draft Guide,1.73937e+09,THREAD_PROJECT_CROSSWALK.md
TH1012,ENG 101 Peer Review Guide,1.73938e+09,THREAD_PROJECT_CROSSWALK.md
TH1013,Blinking Air Mattress Issue,1.73914e+09,THREAD_PROJECT_CROSSWALK.md
TH1014,Naming and Formatting Help,1.73895e+09,THREAD_PROJECT_CROSSWALK.md
TH1015,Project folders restoration query,1.7392e+09,THREAD_PROJECT_CROSSWALK.md
TH1016,File Organization Assistance,1.7392e+09,THREAD_PROJECT_CROSSWALK.md
TH1017,ETCETER4 Website Overview,1.7392e+09,THREAD_PROJECT_CROSSWALK.md
TH1018,Embracing Creative Identity,1.73929e+09,THREAD_PROJECT_CROSSWALK.md
TH1019,Week 1-2 Grading Update,1.7392e+09,THREAD_PROJECT_CROSSWALK.md
TH1020,Engaging Effectively with ChatGPT,1.73929e+09,THREAD_PROJECT_CROSSWALK.md
TH1021,Job Interview Prep Tips,1.73931e+09,THREAD_PROJECT_CROSSWALK.md
TH1022,Job Application Guidance,1.73931e+09,THREAD_PROJECT_CROSSWALK.md
TH1023,Course Structure Optimization,1.73885e+09,THREAD_PROJECT_CROSSWALK.md
TH1024,ENG 204 Week 1 Theme,1.73873e+09,THREAD_PROJECT_CROSSWALK.md
TH1025,Poe Gothic Week Schedule,1.73862e+09,THREAD_PROJECT_CROSSWALK.md
TH1026,Class Duration Format,1.7372e+09,THREAD_PROJECT_CROSSWALK.md
TH1027,Literacy Narrative Explanation,1.73873e+09,THREAD_PROJECT_CROSSWALK.md
TH1028,Daily Writing Submission Setup,1.73869e+09,THREAD_PROJECT_CROSSWALK.md
TH1029,Email Revision Suggestions,1.73862e+09,THREAD_PROJECT_CROSSWALK.md
TH1030,Demons in Paradise Lost.,1.70819e+09,THREAD_PROJECT_CROSSWALK.md
TH1031,AI MET4morfoses Concept,1.73863e+09,THREAD_PROJECT_CROSSWALK.md
TH1032,ETCETER4 Artist Information,1.73863e+09,THREAD_PROJECT_CROSSWALK.md
TH1033,Ways to Share Writing,1.73135e+09,THREAD_PROJECT_CROSSWALK.md
TH1034,ENG 204 Week 4 Schedule,1.73811e+09,THREAD_PROJECT_CROSSWALK.md
TH1035,Canvas & Lumen Integration,1.71441e+09,THREAD_PROJECT_CROSSWALK.md
TH1036,Persuasive Essay Prewriting Guide,1.73695e+09,THREAD_PROJECT_CROSSWALK.md
TH1037,Plagiarism Warning and Consequences,1.73861e+09,THREAD_PROJECT_CROSSWALK.md
TH1038,Meeting on Thursday,1.73626e+09,THREAD_PROJECT_CROSSWALK.md
TH1039,Digital Media Specialist Follow-up,1.73819e+09,THREAD_PROJECT_CROSSWALK.md
TH1040,Attendance Correction Request,1.73764e+09,THREAD_PROJECT_CROSSWALK.md
TH1041,Class Schedule Files Summary,1.73821e+09,THREAD_PROJECT_CROSSWALK.md
TH1042,Class Schedule Summary,1.73821e+09,THREAD_PROJECT_CROSSWALK.md
TH1043,Writing Multi-Layered Conflict,1.73541e+09,THREAD_PROJECT_CROSSWALK.md
TH1044,Title Refinement Suggestions,1.73828e+09,THREAD_PROJECT_CROSSWALK.md
TH1045,File Overview and Archive,1.73828e+09,THREAD_PROJECT_CROSSWALK.md
TH1046,File ingestion request,1.73828e+09,THREAD_PROJECT_CROSSWALK.md
TH1047,MET4morfoses Project Review,1.73828e+09,THREAD_PROJECT_CROSSWALK.md
TH1048,Bastard Sun Linguistics,1.73828e+09,THREAD_PROJECT_CROSSWALK.md
TH1049,MET4Morfoses Project Overview,1.73827e+09,THREAD_PROJECT_CROSSWALK.md
TH1050,Hermes' Animal Associations,1.69955e+09,THREAD_PROJECT_CROSSWALK.md
TH1051,Medium vs Mode in Art,1.73827e+09,THREAD_PROJECT_CROSSWALK.md
TH1052,Generative VR Art & Collectibles,1.69569e+09,THREAD_PROJECT_CROSSWALK.md
TH1053,SEO YouTube Channel Name,1.67063e+09,THREAD_PROJECT_CROSSWALK.md
TH1054,Art Critique: Collage Exploration,1.69755e+09,THREAD_PROJECT_CROSSWALK.md
TH1055,Cultural Significance Mythology Language Celebrity,1.67302e+09,THREAD_PROJECT_CROSSWALK.md
TH1056,English Vowel Sounds,1.73782e+09,THREAD_PROJECT_CROSSWALK.md
TH199,Flash Archive Freeze,1744090016.507031,ARCHIVAL_STACK/PR01_THREAD_DIGEST.md
TH1045,File Overview and Archive,1738278288.056289,ARCHIVAL_STACK/PR01_THREAD_DIGEST.md
TH111,St Prefix Body System,1743631088.913218,ARCHIVAL_STACK/PR02_THREAD_DIGEST.md
TH127,Q-Bank Management System,1743770072.018805,ARCHIVAL_STACK/PR02_THREAD_DIGEST.md
TH136,Document Tracking System,1743780255.409378,ARCHIVAL_STACK/PR02_THREAD_DIGEST.md
TH139,Modular System Manual Design,1743782329.247516,ARCHIVAL_STACK/PR02_THREAD_DIGEST.md
TH146,Tagged Generative Logging System,1743783557.657548,ARCHIVAL_STACK/PR02_THREAD_DIGEST.md
TH149,System Reset Strategy,1743794742.040247,ARCHIVAL_STACK/PR02_THREAD_DIGEST.md
TH157,Creative System Pitch,1743871114.096906,ARCHIVAL_STACK/PR02_THREAD_DIGEST.md
TH195,Universal Protocol Naming System,1744093868.492297,ARCHIVAL_STACK/PR02_THREAD_DIGEST.md
TH227,System Density Management Plan,1743820658.437952,ARCHIVAL_STACK/PR02_THREAD_DIGEST.md
TH237,System Status Update,1744247226.771753,ARCHIVAL_STACK/PR02_THREAD_DIGEST.md
TH238,System Status Update,1744296178.805953,ARCHIVAL_STACK/PR02_THREAD_DIGEST.md
TH272,Time Ledger System Design,1744250897.730329,ARCHIVAL_STACK/PR02_THREAD_DIGEST.md
TH281,Creative System Overview,1744385238.20751,ARCHIVAL_STACK/PR02_THREAD_DIGEST.md
TH282,Sharing System Protocols,1744387511.09673,ARCHIVAL_STACK/PR02_THREAD_DIGEST.md
TH283,GitHub Systemization Blueprint,1744387672.564614,ARCHIVAL_STACK/PR02_THREAD_DIGEST.md
TH333,RE:GE_OS.CHAMBER_00.LOGIC_ARCHIVE,1744920669.102154,ARCHIVAL_STACK/PR02_THREAD_DIGEST.md
TH393,Generative Music Systems Design,1745629918.569887,ARCHIVAL_STACK/PR02_THREAD_DIGEST.md
TH397,Creative Stagnation and System Building,1745634132.989453,ARCHIVAL_STACK/PR02_THREAD_DIGEST.md
TH452,Digital Canon Remix System,1745930692.134701,ARCHIVAL_STACK/PR02_THREAD_DIGEST.md
TH468,Ethos in Rhetoric Systems,1746127862.76517,ARCHIVAL_STACK/PR02_THREAD_DIGEST.md
TH505,Class System Hierarchy,1746135518.244658,ARCHIVAL_STACK/PR02_THREAD_DIGEST.md
TH511,Sci-Fi Faith Systems,1746147306.773303,ARCHIVAL_STACK/PR02_THREAD_DIGEST.md
TH512,Magic Systems Overview,1746147464.795446,ARCHIVAL_STACK/PR02_THREAD_DIGEST.md
TH513,Cartography Mapping Systems,1746127283.243141,ARCHIVAL_STACK/PR02_THREAD_DIGEST.md
TH544,Naming System Optimization,1743784881.095641,ARCHIVAL_STACK/PR02_THREAD_DIGEST.md
TH019,Mythic Pedagogical Vault Summary,1746241922.909711,ARCHIVAL_STACK/PR03_THREAD_DIGEST.md
TH1017,ETCETER4 Website Overview,1739197538.88334,ARCHIVAL_STACK/PR04_THREAD_DIGEST.md
TH1032,ETCETER4 Artist Information,1738626619.79417,ARCHIVAL_STACK/PR04_THREAD_DIGEST.md
TH122,Mythic Civic Structures,1743729585.940454,ARCHIVAL_STACK/PR05_THREAD_DIGEST.md
TH140,Myth Drift Protocol,1743782601.854677,ARCHIVAL_STACK/PR05_THREAD_DIGEST.md
TH235,LFO Mythos Tuning,1744246389.920725,ARCHIVAL_STACK/PR05_THREAD_DIGEST.md
TH259,Mythos Protocol Extraction,1745013070.280878,ARCHIVAL_STACK/PR05_THREAD_DIGEST.md
TH302,Fat Artist Myth Block,1744809088.709035,ARCHIVAL_STACK/PR05_THREAD_DIGEST.md
TH312,Marilyn Manson as Myth,1744824873.374287,ARCHIVAL_STACK/PR05_THREAD_DIGEST.md
TH328,Numerology and Mythmaking Analysis,1744903178.64476,ARCHIVAL_STACK/PR05_THREAD_DIGEST.md
TH347,Gabe Recursive Myth Protocol,1745015990.196336,ARCHIVAL_STACK/PR05_THREAD_DIGEST.md
TH350,Mythic Yield Protocol Setup,1745076441.21628,ARCHIVAL_STACK/PR05_THREAD_DIGEST.md
TH351,Mythos Expansion Confirmation,1745076694.346422,ARCHIVAL_STACK/PR05_THREAD_DIGEST.md
TH362,Ghibli Mythopoetic Framework,1745107538.11002,ARCHIVAL_STACK/PR05_THREAD_DIGEST.md
TH381,Global Mythology Mapping,1745379429.445281,ARCHIVAL_STACK/PR05_THREAD_DIGEST.md
TH401,Dynamic Myth Fusion Guide,1745696295.992701,ARCHIVAL_STACK/PR05_THREAD_DIGEST.md
TH402,Myth Fusion Framework,1745885224.460028,ARCHIVAL_STACK/PR05_THREAD_DIGEST.md
TH421,Metroid Mythic Upgrade Path,1746145639.720013,ARCHIVAL_STACK/PR05_THREAD_DIGEST.md
TH455,Trickster Myth Archetypes,1746098198.123381,ARCHIVAL_STACK/PR05_THREAD_DIGEST.md
TH457,Mythic Opposites of Heroes,1746129886.904463,ARCHIVAL_STACK/PR05_THREAD_DIGEST.md
TH458,David Wayne Mythic Arc,1745595443.879848,ARCHIVAL_STACK/PR05_THREAD_DIGEST.md
TH461,Theology Mythology AI Integration,1746123930.248748,ARCHIVAL_STACK/PR05_THREAD_DIGEST.md
TH477,Industrial Revolutions Mythic Framework,1746128802.825258,ARCHIVAL_STACK/PR05_THREAD_DIGEST.md
TH497,KH Mythos Analysis,1746131447.689896,ARCHIVAL_STACK/PR05_THREAD_DIGEST.md
TH498,Network Media Mythology Analysis,1746138149.320833,ARCHIVAL_STACK/PR05_THREAD_DIGEST.md
TH499,FF Mythos Dissection,1746135294.178722,ARCHIVAL_STACK/PR05_THREAD_DIGEST.md
TH500,Alien Myth-Lens Analysis,1746130799.677362,ARCHIVAL_STACK/PR05_THREAD_DIGEST.md
TH518,Zelda Mythic Analysis,1746132221.696908,ARCHIVAL_STACK/PR05_THREAD_DIGEST.md
TH520,Link Mythic Overview,1746131715.286829,ARCHIVAL_STACK/PR05_THREAD_DIGEST.md
TH521,Ganondorf Mythos Analysis,1746131560.584238,ARCHIVAL_STACK/PR05_THREAD_DIGEST.md
TH522,JoJo Solitude Mythos,1746132126.533688,ARCHIVAL_STACK/PR05_THREAD_DIGEST.md
TH523,Hellrivers Mythic Structure,1746143378.467566,ARCHIVAL_STACK/PR05_THREAD_DIGEST.md
TH524,Mythic Friend Archetype,1746142879.566654,ARCHIVAL_STACK/PR05_THREAD_DIGEST.md
TH529,MythOS Project Execution,1745966581.399304,ARCHIVAL_STACK/PR05_THREAD_DIGEST.md
TH872,"Pallas: Myth, Astronomy, Biology",1720677830.674349,ARCHIVAL_STACK/PR05_THREAD_DIGEST.md
TH1031,AI MET4morfoses Concept,1738629441.680989,ARCHIVAL_STACK/PR05_THREAD_DIGEST.md
TH1047,MET4morfoses Project Review,1738276401.312917,ARCHIVAL_STACK/PR05_THREAD_DIGEST.md
TH1049,MET4Morfoses Project Overview,1738274966.674405,ARCHIVAL_STACK/PR05_THREAD_DIGEST.md
TH1055,Cultural Significance Mythology Language Celebrity,1673020165.154449,ARCHIVAL_STACK/PR05_THREAD_DIGEST.md
TH693,Remote Job Search Assistance,1716839524.632146,ARCHIVAL_STACK/PR07_THREAD_DIGEST.md
TH740,Job Details and Hours,1705941078.586706,ARCHIVAL_STACK/PR07_THREAD_DIGEST.md
TH932,Job Opportunities Based on Resume,1721155136.219349,ARCHIVAL_STACK/PR07_THREAD_DIGEST.md
TH942,Application Follow-Up Email,1727111755.861087,ARCHIVAL_STACK/PR07_THREAD_DIGEST.md
TH950,Job Application Preparation Steps,1728486325.728049,ARCHIVAL_STACK/PR07_THREAD_DIGEST.md
TH973,Adjunct Faculty Application Letter,1733635465.902753,ARCHIVAL_STACK/PR07_THREAD_DIGEST.md
TH1021,Job Interview Prep Tips,1739311398.399987,ARCHIVAL_STACK/PR07_THREAD_DIGEST.md
TH1022,Job Application Guidance,1739313697.360173,ARCHIVAL_STACK/PR07_THREAD_DIGEST.md
TH547,Technical Instructions Review Process,1741651547.162123,ARCHIVAL_STACK/PR08_THREAD_DIGEST.md
TH258,4_bl00m Vault Structure,1744936125.742536,ARCHIVAL_STACK/PR09_THREAD_DIGEST.md
TH622,4Bloom Project Organization,1739510715.37076,ARCHIVAL_STACK/PR09_THREAD_DIGEST.md
TH204,ThreadHealth Check Protocol,1744100253.924262,ARCHIVAL_STACK/PR11_THREAD_DIGEST.md
TH373,"::META_MYTH_4LL:: The Fusion Engine of All Media, Minds, and Matter",1744769725.745907,ARCHIVAL_STACK/PR11_THREAD_DIGEST.md
TH388,Bodymouth Architecture Reflection,1745519778.986375,ARCHIVAL_STACK/PR11_THREAD_DIGEST.md
TH406,Class Reminder and Reflection,1744726241.90233,ARCHIVAL_STACK/PR11_THREAD_DIGEST.md
TH560,Assignment Submission Reminder,1741364299.526857,ARCHIVAL_STACK/PR11_THREAD_DIGEST.md
TH899,Plagiarism Policy Reminder,1714156465.979694,ARCHIVAL_STACK/PR11_THREAD_DIGEST.md
TH021,Symbolic Naming Evolution,1746203422.488705,ARCHIVAL_STACK/PR12_THREAD_DIGEST.md
TH787,"High-Fiber, Easily Digestible Diet",1698867664.216828,ARCHIVAL_STACK/PR15_THREAD_DIGEST.md
TH677,Marketing Services for Transport,1701112157.639767,ARCHIVAL_STACK/PR16_THREAD_DIGEST.md
TH815,AI Marketing Solutions: South Florida,1708630090.112551,ARCHIVAL_STACK/PR16_THREAD_DIGEST.md
TH882,AI-Powered Full-Stack Marketing,1711777825.262531,ARCHIVAL_STACK/PR16_THREAD_DIGEST.md
TH885,Full Stack Marketing Services,1711834869.412572,ARCHIVAL_STACK/PR16_THREAD_DIGEST.md
TH886,Iconic Full Stack Marketing.,1711914282.532467,ARCHIVAL_STACK/PR16_THREAD_DIGEST.md
TH889,Digital Marketing Services Presentation,1712941430.211224,ARCHIVAL_STACK/PR16_THREAD_DIGEST.md
TH892,Subscription Plans: Marketing Essentials.,1713376971.238381,ARCHIVAL_STACK/PR16_THREAD_DIGEST.md
TH893,Enhanced Digital Marketing Suite,1713377188.330579,ARCHIVAL_STACK/PR16_THREAD_DIGEST.md
TH906,Maximize Digital Marketing Potential,1712450489.708456,ARCHIVAL_STACK/PR16_THREAD_DIGEST.md
TH910,Digital Marketing Services,1712098669.973095,ARCHIVAL_STACK/PR16_THREAD_DIGEST.md
TH931,LuxuryCreative.AI Digital Marketing,1720458380.885799,ARCHIVAL_STACK/PR16_THREAD_DIGEST.md
TH012,Folder Structuring Proposal,1746156081.112687,ARCHIVAL_STACK/PR17_THREAD_DIGEST.md
TH261,Grant Protocols Iteration,1745027094.608156,ARCHIVAL_STACK/PR17_THREAD_DIGEST.md
TH267,BBNC Grant Application Inquiry,1745357118.656455,ARCHIVAL_STACK/PR17_THREAD_DIGEST.md
TH387,Future-proof Business Ideas,1745413212.58392,ARCHIVAL_STACK/PR17_THREAD_DIGEST.md
TH389,Joint Business Account Features,1745533868.953071,ARCHIVAL_STACK/PR17_THREAD_DIGEST.md
TH467,Academic Contribution in Business,1746127757.453321,ARCHIVAL_STACK/PR17_THREAD_DIGEST.md
TH675,Single LLC for Multiple Businesses,1702740882.987711,ARCHIVAL_STACK/PR17_THREAD_DIGEST.md
TH678,Florida Community College Grants,1684700691.363463,ARCHIVAL_STACK/PR17_THREAD_DIGEST.md
TH698,Business Funding Ad Revision,1738009399.426065,ARCHIVAL_STACK/PR17_THREAD_DIGEST.md
TH699,Business Funding Access Criteria,1737652475.357968,ARCHIVAL_STACK/PR17_THREAD_DIGEST.md
TH709,Office Space Business Ideas,1736374073.330462,ARCHIVAL_STACK/PR17_THREAD_DIGEST.md
TH710,English Businesses PPC Potential,1727977686.716131,ARCHIVAL_STACK/PR17_THREAD_DIGEST.md
TH716,Unified E-commerce Inventory Solution,1718568769.681614,ARCHIVAL_STACK/PR17_THREAD_DIGEST.md
TH794,Business Services: Start-Up Guide,1700949694.649024,ARCHIVAL_STACK/PR17_THREAD_DIGEST.md
TH798,Holiday Images for Business,1702673513.587321,ARCHIVAL_STACK/PR17_THREAD_DIGEST.md
TH801,Quick Capital for Businesses,1702768863.398993,ARCHIVAL_STACK/PR17_THREAD_DIGEST.md
TH812,Business Funding Phrases Pattern,1707246460.445683,ARCHIVAL_STACK/PR17_THREAD_DIGEST.md
TH817,Business Boost with MCA,1710189362.554584,ARCHIVAL_STACK/PR17_THREAD_DIGEST.md
TH854,Jewelry Business Write Offs,1727990822.645717,ARCHIVAL_STACK/PR17_THREAD_DIGEST.md
TH901,Marketing Agency Investor Proposal,1717503755.905624,ARCHIVAL_STACK/PR17_THREAD_DIGEST.md
TH909,Fix Google Business Profile,1712756279.400129,ARCHIVAL_STACK/PR17_THREAD_DIGEST.md
TH917,Business Plan Structure Guide,1717431970.410078,ARCHIVAL_STACK/PR17_THREAD_DIGEST.md
TH921,Financial Projections and Business Plan Merge,1717600927.103586,ARCHIVAL_STACK/PR17_THREAD_DIGEST.md
TH934,Luxury Business Name Ideas,1723927203.755486,ARCHIVAL_STACK/PR17_THREAD_DIGEST.md
TH639,QUEER Project Thread Summary,1738629124.550844,ARCHIVAL_STACK/PR18_THREAD_DIGEST.md
TH641,Queer Project Growth Strategy,1738624394.868437,ARCHIVAL_STACK/PR18_THREAD_DIGEST.md
TH642,Queer Project (from MET4morfoses project folder thread),1738624009.174644,ARCHIVAL_STACK/PR18_THREAD_DIGEST.md
TH646,QUEER Growth Strategy,1738626241.157909,ARCHIVAL_STACK/PR18_THREAD_DIGEST.md
TH644,GRINDER Project Threads Summary,1738628774.446189,ARCHIVAL_STACK/PR19_THREAD_DIGEST.md
TH645,Grinder Blair Witch Fear,1738626311.441422,ARCHIVAL_STACK/PR19_THREAD_DIGEST.md
TH650,Grinder Project Public Creation,1738479851.165448,ARCHIVAL_STACK/PR19_THREAD_DIGEST.md
