Symbolic ID,Title,Linked Final Folder,Match Status
TH001,Merge Project Folders,,Unassigned
TH002,Sex vs Money Expectations,,Unassigned
TH003,Eternal Sunshine Quote Explanation,,Unassigned
TH004,Real-time Adaptive Music,,Unassigned
TH005,Disable Canvas Tool,,Unassigned
TH006,Romantic Advance Rebuff Threshold,,Unassigned
TH007,Obsidian File Recovery Guide,,Unassigned
TH008,Symbolic Decoding Protocol,,Unassigned
TH009,Name Structure Breakdown,,Unassigned
TH010,Plurality Symbols Alternatives,,Unassigned
TH011,Free Hazel Alternatives,,Unassigned
TH012,Folder Structuring Proposal,,Unassigned
TH013,Pop Archetypes Breakdown,,Unassigned
TH014,Absurdist Meme Breakdown,,Unassigned
TH015,Imbalanced Symmetry Protocol,,Unassigned
TH016,BR4ND_ECON Module Overview,,Unassigned
TH017,Conversation Summary Request,,Unassigned
TH018,4RK Protocol Initialization,,Unassigned
TH019,Mythic Pedagogical Vault Summary,,Unassigned
TH020,Beleaboured Code Breakdown,,Unassigned
TH021,Symbolic Naming Evolution,,Unassigned
TH022,Academic Feedback Guidelines,,Unassigned
TH023,Sigil Decoding Analysis,,Unassigned
TH024,Naming Hinge Protocol,,Unassigned
TH025,Professor Padavano Instructions,,Unassigned
TH026,Digital Spring Cleaning Plan,,Unassigned
TH027,Reflecting and Reconnecting Self,,Unassigned
TH028,Reduce META Campaign Budget,,Unassigned
TH029,How can I help,,Unassigned
TH030,Discussion Feedback Summaries,,Unassigned
TH031,OK Corral Shootout Summary,,Unassigned
TH032,One-upper definition,,Unassigned
TH033,Email Unread Folder Setup,,Unassigned
TH034,iOS Mac Assistance,,Unassigned
TH035,Download Canvas Discussions,,Unassigned
TH036,iCloud Photos Account Switch,,Unassigned
TH037,Unpair Apple Watch iPhone,,Unassigned
TH038,Backup Apple Watch iPhone,,Unassigned
TH039,Chill Classical Composers,,Unassigned
TH040,Best Satie Piano Albums,,Unassigned
TH041,Stage Manager Window Tips,,Unassigned
TH042,Playlist Unification Ideas,,Unassigned
TH043,Searching Nature Photos,,Unassigned
TH044,Nombre análisis detallado,,Unassigned
TH045,Name Analysis Summary,,Unassigned
TH046,How to spell,,Unassigned
TH047,Opposing Themes in Music,,Unassigned
TH048,Wendy Carlos Music Availability,,Unassigned
TH049,Force Photos Duplicate Scan,,Unassigned
TH050,Apple Music to Spotify Shortcut,,Unassigned
TH051,Most Covered Songs,,Unassigned
TH052,Daddy Chatbot Reference,,Unassigned
TH053,Forrest Gump Disability,,Unassigned
TH054,Film Ideas for Writing,,Unassigned
TH055,Title Formats Summary,,Unassigned
TH056,iCloud account syncing,,Unassigned
TH057,Unify Gmail Accounts,,Unassigned
TH058,Managing Passwords and 2FA,,Unassigned
TH059,Playlists Not Showing,,Unassigned
TH060,Match album between services,,Unassigned
TH061,Is anger natural?,,Unassigned
TH062,Hide Gmail in Outlook,,Unassigned
TH063,Malwarebytes vs ActiveArmor,,Unassigned
TH064,Lost Time Synonym,,Unassigned
TH065,Thread Communication Protocol,,Unassigned
TH066,Living Document Log,,Unassigned
TH067,Shortcut Replacements and Responses,,Unassigned
TH068,Stop Screenshot Clutter Mac,,Unassigned
TH069,iOS App Removal & Window Management,,Unassigned
TH070,Organizing Files Efficiently,,Unassigned
TH071,Generative Chaos Reflection,,Unassigned
TH072,Sleep Protocol Definition,,Unassigned
TH073,FaceTime volume mute issue,,Unassigned
TH074,Playlist Title Ideas,,Unassigned
TH075,Identifying Satie Versions,,Unassigned
TH076,Customizing Playlist Cover Art,,Unassigned
TH077,Best Screenshot Storage Options,,Unassigned
TH078,Oatmeal Sweeteners Options,,Unassigned
TH079,FDP300 Training Update,,Unassigned
TH080,Burning CDs with Apple Music,,Unassigned
TH081,Is Coffee Acidic,,Unassigned
TH082,Cortisone vs Aquaphor Skin Care,,Unassigned
TH083,Teenth to Grams Conversion,,Unassigned
TH084,Poem Publication Dates,,Unassigned
TH085,Uploading Remixes to Spotify,,Unassigned
TH086,Ableton Education License Eligibility,,Unassigned
TH087,Classroom Observation Help,,Unassigned
TH088,Starting Fresh with Apple,,Unassigned
TH089,Deleting Preferences Folder OSX,,Unassigned
TH090,Delete relocated items folders,,Unassigned
TH091,Speed vs Adderall Comparison,,Unassigned
TH092,Best Springsteen Covers,,Unassigned
TH093,Data Roaming Explained,,Unassigned
TH094,Training Enrollment Request,,Unassigned
TH095,Shaving Irritation Treatment Advice,,Unassigned
TH096,Servox Charger Inquiry,,Unassigned
TH097,Temporal vs Atemporal Concepts,,Unassigned
TH098,Message Conciseness Request,,Unassigned
TH099,Architect Speech Breakdown,,Unassigned
TH100,Value or Illusion,,Unassigned
TH101,The Outsiders in NYC,,Unassigned
TH102,Negotiation Blood and Compromise,,Unassigned
TH103,Childhood vs Adulthood Rubric,,Unassigned
TH104,Mad Libs Template Request,,Unassigned
TH105,Exporting iOS Notes,,Unassigned
TH106,Session Initialization Workflow,,Unassigned
TH107,Export Compile Clean Threads,,Unassigned
TH108,Thesis Revision Template,,Unassigned
TH109,Request Flow Calibration,,Unassigned
TH110,Version Tracking Solution,,Unassigned
TH111,St Prefix Body System,,Unassigned
TH112,Temptations of Jesus Summary,,Unassigned
TH113,Thread Split Protocol,,Unassigned
TH114,Modular Session Protocol,,Unassigned
TH115,Assignment Drafting Assistance,,Unassigned
TH116,Reentry Protocol after Expiry,,Unassigned
TH117,Draft and Drawer Method,,Unassigned
TH118,Multi-Lens Creative Framework,,Unassigned
TH119,Three Witches Ocean Concept,,Unassigned
TH120,Legal Structure Brainstorming,,Unassigned
TH121,Drafting Protocols and Outputs,,Unassigned
TH122,Mythic Civic Structures,,Unassigned
TH123,Commodify Creative Process Framework,,Unassigned
TH124,Creative Toolset Protocol,,Unassigned
TH125,Session Initialization Checklist,,Unassigned
TH126,Thread Protocol Management,,Unassigned
TH127,Q-Bank Management System,,Unassigned
TH128,ASCII Indie Software Art,,Unassigned
TH129,Recursive Research Protocol,,Unassigned
TH130,Settings Blockchain Thread Model,,Unassigned
TH131,Knowledge Comparison Protocols,,Unassigned
TH132,Review Approval Framework,,Unassigned
TH133,Codex Translation Framework,,Unassigned
TH134,Safe Mode Protocol,,Unassigned
TH135,Art Critic Personas Creation,,Unassigned
TH136,Document Tracking System,,Unassigned
TH137,Language Breakdown Exploration,,Unassigned
TH138,Cut-Up Engine Design,,Unassigned
TH139,Modular System Manual Design,,Unassigned
TH140,Myth Drift Protocol,,Unassigned
TH141,AI Historical Chatbots,,Unassigned
TH142,Generative Content Processing Analysis,,Unassigned
TH143,Onboarding Media Protocol,,Unassigned
TH144,New Taxonomy Creation Ideas,,Unassigned
TH145,Cyclical GPT Model Protocol,,Unassigned
TH146,Tagged Generative Logging System,,Unassigned
TH147,Gotta Catch 'Em All Protocol,,Unassigned
TH148,Powerup Spell Breakdown,,Unassigned
TH149,System Reset Strategy,,Unassigned
TH150,Rectal Amphetamine Absorption Time,,Unassigned
TH151,Psychological Irony Exploration,,Unassigned
TH152,OS Tree Hierarchy Overview,,Unassigned
TH153,Time Space Scales,,Unassigned
TH154,Place Nodes Framework,,Unassigned
TH155,Gem Club Lyrics Access,,Unassigned
TH156,4S.SORT Idea Expansion,,Unassigned
TH157,Creative System Pitch,,Unassigned
TH158,New Rule Protocols,,Unassigned
TH159,OS Breakdown Principles,,Unassigned
TH160,Project Nesting Models,,Unassigned
TH161,Generational Curses Explained,,Unassigned
TH162,News Perspective Comparison,,Unassigned
TH163,Preguntas de investigación comparativa,,Unassigned
TH164,Sneeze Blessings and Prayers,,Unassigned
TH165,Thread Folder Extraction Protocol,,Unassigned
TH166,Infinite Context Library,,Unassigned
TH167,Five Humors Overview,,Unassigned
TH168,Lotto Order Summary,,Unassigned
TH169,Podcast Livestream Narrative Framework,,Unassigned
TH170,Probate Case Questionnaire,,Unassigned
TH171,Emotion Classification Models,,Unassigned
TH172,Exhaustive Symbolic Faces List,,Unassigned
TH173,Active Project Folders,,Unassigned
TH174,Industry Mapping Framework,,Unassigned
TH175,4os_ritu4l Invocation Protocol,,Unassigned
TH176,Majin Buu Cell Fusion,,Unassigned
TH177,Study Exhaustion Protocol,,Unassigned
TH178,Folder Naming Analysis,,Unassigned
TH179,Mac File Organization Plan,,Unassigned
TH180,Status logging enabled,,Unassigned
TH181,Code Request Formatting,,Unassigned
TH182,Feed Mode Activation,,Unassigned
TH183,Protocol Status Overview,,Unassigned
TH184,Protocol Execution Flow,,Unassigned
TH185,Sweep Progress Dashboard,,Unassigned
TH186,SH4D0W.p0v Selector Guide,,Unassigned
TH187,Revision Fork Protocol,,Unassigned
TH188,Esophagus Word Association,,Unassigned
TH189,Class Pairings Through Time,,Unassigned
TH190,Tears in Rain Logic,,Unassigned
TH191,Critique Friend Framework,,Unassigned
TH192,NEV Soul Protocol Format,,Unassigned
TH193,Macbeth Soliloquy Analysis,,Unassigned
TH194,BR4N.ch SYS Logic,,Unassigned
TH195,Universal Protocol Naming System,,Unassigned
TH196,Optimizing ChatGPT Usage,,Unassigned
TH197,Thread Summon and Sync,,Unassigned
TH198,Mizer Lee Mistoree Concept,,Unassigned
TH199,Flash Archive Freeze,,Unassigned
TH200,Math Logic Collapse,,Unassigned
TH201,Thread Freeze Strategy,,Unassigned
TH202,Endchain Ritual Summary,,Unassigned
TH203,Command Name Change,,Unassigned
TH204,ThreadHealth Check Protocol,,Unassigned
TH205,Endless Loop Protocols,,Unassigned
TH206,4ll_SLVGS Clarification and Priorities,,Unassigned
TH207,OmniTracker Pulse Overview,,Unassigned
TH208,Renaming Protocol Strategy,,Unassigned
TH209,Exhaustive Data Analysis Protocol,,Unassigned
TH210,Reconstituted Protocols Request,,Unassigned
TH211,Lost in Tasks Strategy,,Unassigned
TH212,Memory Activity Status,,Unassigned
TH213,Thread Indexing Protocol,,Unassigned
TH214,Phase 2 to 3 Transition,,Unassigned
TH215,Thread Reset and Recovery,,Unassigned
TH216,Protocol Styling and Usage,,Unassigned
TH217,Thread Sifting Protocol,,Unassigned
TH218,Control Thread Access Management,,Unassigned
TH219,Prehistory to History Framework,,Unassigned
TH220,Thread Status Update,,Unassigned
TH221,TouchDesigner and Blade Runner,,Unassigned
TH222,Soul Chaos Rasputin Analysis,,Unassigned
TH223,Auto Ritual Thread Protocol,,Unassigned
TH224,Relabeling Titles Protocol,,Unassigned
TH225,Ascension Protocols Engaged,,Unassigned
TH226,Freezing Protocol Overview,,Unassigned
TH227,System Density Management Plan,,Unassigned
TH228,Creative Critique Collaboration,,Unassigned
TH229,TR4CER Protocol Analysis,,Unassigned
TH230,Daily Snapshot Renderer,,Unassigned
TH231,Literary Reference Analysis,,Unassigned
TH232,Cyberpoetry Matrix Cascade,,Unassigned
TH233,Daily Folder Snapshot Guide,,Unassigned
TH234,Universal Organization and Data,,Unassigned
TH235,LFO Mythos Tuning,,Unassigned
TH236,Project Status Update,,Unassigned
TH237,System Status Update,,Unassigned
TH238,System Status Update,,Unassigned
TH239,Active80 Memory Diffing,,Unassigned
TH240,Memory Freezepoint Snapshot,,Unassigned
TH241,Staten Island to Manhattan Tolls,,Unassigned
TH242,OSX Rebuild Worksheet,,Unassigned
TH243,21Q Song Guessing Game,,Unassigned
TH244,Initiate Protocols Analysis,,Unassigned
TH245,Liber Initiatorvm Canon,,Unassigned
TH246,Asteras Kings Designers Summary,,Unassigned
TH247,NPO Housing for LGBTQ+,,Unassigned
TH248,Quanta EMF Exploration,,Unassigned
TH249,Grandiosity vs Reality,,Unassigned
TH250,Blank PDF Analysis,,Unassigned
TH251,Liber Initiatorvm Analysis,,Unassigned
TH252,Procedural World Evolution Techniques,,Unassigned
TH253,Interactive Digital Storytelling Ideas,,Unassigned
TH254,Monetizing Digital Creativity,,Unassigned
TH255,Licorice Root Traditional Uses,,Unassigned
TH256,Social Order and Belief,,Unassigned
TH257,:HERE.THERE.EVERYWHERE.NOWHERE,,Unassigned
TH258,4_bl00m Vault Structure,,Unassigned
TH259,Mythos Protocol Extraction,,Unassigned
TH260,Sandboxing in Docker,,Unassigned
TH261,Grant Protocols Iteration,,Unassigned
TH262,Hindi Text Processing Request,,Unassigned
TH263,Ovide Moralisé Translation Request,,Unassigned
TH264,Text Shortcut Creation,,Unassigned
TH265,888 222 Numerology Decode,,Unassigned
TH266,Text Layout Flip Ideas,,Unassigned
TH267,BBNC Grant Application Inquiry,,Unassigned
TH268,MC005 Protocol Filing,,Unassigned
TH269,2023 CR-V Price and Pi,,Unassigned
TH270,Aquarius Moon Insights,,Unassigned
TH271,Legal Docs and Narrative Concepts,,Unassigned
TH272,Time Ledger System Design,,Unassigned
TH273,SHC Simulation Reality Check,,Unassigned
TH274,MM Ingestion Protocol,,Unassigned
TH275,Marilyn Manson's Cultural Rage,,Unassigned
TH276,Terraforming Guidance Request,,Unassigned
TH277,Multi-Threading Workflow Optimization,,Unassigned
TH278,Thread Tagging Status Update,,Unassigned
TH279,Troubleshooting Summary Prep,,Unassigned
TH280,ChatGPT Framework and Refactor,,Unassigned
TH281,Creative System Overview,,Unassigned
TH282,Sharing System Protocols,,Unassigned
TH283,GitHub Systemization Blueprint,,Unassigned
TH284,Recursive Interaction SOP,,Unassigned
TH285,Zibaldone Vault Concept,,Unassigned
TH286,Creative OS Load Handling,,Unassigned
TH287,Chat History Reference Clarification,,Unassigned
TH288,iPhone Memory Consolidation Guide,,Unassigned
TH289,Memory Audit Phase 1,,Unassigned
TH290,New Memory Features Explained,,Unassigned
TH291,Suicide Pain Understanding,,Unassigned
TH292,Mass Renaming Notes iOS,,Unassigned
TH293,Pasta Fagioli Pronunciation,,Unassigned
TH294,Raw Wordsmith Confession,,Unassigned
TH295,Memory Commitment Protocol,,Unassigned
TH296,Charlie Kaufman Film Breakdown,,Unassigned
TH297,Jodorowsky Analysis Protocol,,Unassigned
TH298,Autoglyph Protocol Overview,,Unassigned
TH299,Snowballing Next Steps,,Unassigned
TH300,Wave-based Pharmacology Design,,Unassigned
TH301,Feedback Loop Build Strategy,,Unassigned
TH302,Fat Artist Myth Block,,Unassigned
TH303,Oblique Strategies Breakdown,,Unassigned
TH304,ZZ02_ARTIST_ANALYSIS_PROTOCOL_BEE_v1.0,,Unassigned
TH305,JJ01_ARTIST_ANALYSIS_PROTOCOL_JOYCE_v1.0,,Unassigned
TH306,Radiohead Protocol Breakdown,,Unassigned
TH307,Autechre Analysis Protocol,,Unassigned
TH308,Mauve Color Meaning,,Unassigned
TH309,Parent Project Protocols Explanation,,Unassigned
TH310,Analog vs Digital Unpacked,,Unassigned
TH311,Mark Normand Page to Stage,,Unassigned
TH312,Marilyn Manson as Myth,,Unassigned
TH313,Ballet Protocol and Logic,,Unassigned
TH314,Dual-Form Emotional Logic,,Unassigned
TH315,A Clockwork Orange Analysis,,Unassigned
TH316,Blockchain OS Economy Design,,Unassigned
TH317,Summarizing User Requests,,Unassigned
TH318,Rob Project Framing,,Unassigned
TH319,Karma Dharma Protocols,,Unassigned
TH320,Personality Blindspots Diagnosis,,Unassigned
TH321,Orochimaru Analysis Protocol,,Unassigned
TH322,Saint Celebrity Celebritarian Deep Dive,,Unassigned
TH323,Moderator Hierarchy Initialization,,Unassigned
TH324,Ozymandias Poetry Analysis,,Unassigned
TH325,Golden Ratio Protocols Initiation,,Unassigned
TH326,Numerology Protocol 4D,,Unassigned
TH327,Alchemy Protocol 4D,,Unassigned
TH328,Numerology and Mythmaking Analysis,,Unassigned
TH329,Epithet Protocol Initialization,,Unassigned
TH330,Phase Migration Blueprint,,Unassigned
TH331,Meca vs Media Clarification,,Unassigned
TH332,Creative Organization Strategy,,Unassigned
TH333,RE:GE_OS.CHAMBER_00.LOGIC_ARCHIVE,,Unassigned
TH334,Born Villain Analysis,,Unassigned
TH335,Identity Politics Protocol,,Unassigned
TH336,Numerical Narrative Protocols,,Unassigned
TH337,LOST Protocol Analysis,,Unassigned
TH338,Intertextuality Protocol Initiation,,Unassigned
TH339,Anime OS World-Building,,Unassigned
TH340,Bipolar Disorder Screening Guide,,Unassigned
TH341,Student Feedback Letter,,Unassigned
TH342,Backblaze Restore Error,,Unassigned
TH343,Time Tracking Adjustment,,Unassigned
TH344,Jessica Protocol Mirror,,Unassigned
TH345,745 Military Time,,Unassigned
TH346,Protocol Automation Framework,,Unassigned
TH347,Gabe Recursive Myth Protocol,,Unassigned
TH348,Forensic Recovery Guide,,Unassigned
TH349,Lost Folder Recovery,,Unassigned
TH350,Mythic Yield Protocol Setup,,Unassigned
TH351,Mythos Expansion Confirmation,,Unassigned
TH352,Symbiote Fusion Experiment,,Unassigned
TH353,Program Gods Overview,,Unassigned
TH354,Clean Code Protocol,,Unassigned
TH355,Protocol Archiving and Weighting,,Unassigned
TH356,Eminem Lyrical Math,,Unassigned
TH357,Biblical OS Integration,,Unassigned
TH358,Egyptian Theology Protocols,,Unassigned
TH359,DualCore Timeline Protocol,,Unassigned
TH360,Kabbalah OS Ritual Protocol,,Unassigned
TH361,Animystic Protocol Invocation,,Unassigned
TH362,Ghibli Mythopoetic Framework,,Unassigned
TH363,Crusades OS Protocol,,Unassigned
TH364,Top Dog Theology,,Unassigned
TH365,Herpes and Bris Risks,,Unassigned
TH366,Multi-phone Work Number Setup,,Unassigned
TH367,Black Trans Electronic Artists,,Unassigned
TH368,Name Fusion Creations,,Unassigned
TH369,Divination Protocol Mapping,,Unassigned
TH370,Primal Code Behavior,,Unassigned
TH371,Mortal Mirror Concept,,Unassigned
TH372,Character Engine POV Critique,,Unassigned
TH373,"::META_MYTH_4LL:: The Fusion Engine of All Media, Minds, and Matter",,Unassigned
TH374,Love Archetypes Mapping,,Unassigned
TH375,Merge folders using Terminal,,Unassigned
TH376,Wound Externalization and Archetypes,,Unassigned
TH377,Binge Antibiotics Nausea Help,,Unassigned
TH378,Universe-Bending Heroes Paradox,,Unassigned
TH379,Uber Expired Registration Policy,,Unassigned
TH380,Fictional Character Index Creation,,Unassigned
TH381,Global Mythology Mapping,,Unassigned
TH382,Fusion Possession Symbiote Protocols,,Unassigned
TH383,Protocol Defining Latin,,Unassigned
TH384,ACD_APPSYS Infrastructure Overview,,Unassigned
TH385,Afro Deities Origins,,Unassigned
TH386,Sex Over Violence Protocol,,Unassigned
TH387,Future-proof Business Ideas,,Unassigned
TH388,Bodymouth Architecture Reflection,,Unassigned
TH389,Joint Business Account Features,,Unassigned
TH390,Transfer BTC to Gemini,,Unassigned
TH391,Wave Theory Manifesto,,Unassigned
TH392,Rituals and Story Arcs,,Unassigned
TH393,Generative Music Systems Design,,Unassigned
TH394,Dynamic Narrative Fusion,,Unassigned
TH395,Metadata architecture for adaptation,,Unassigned
TH396,Metadata Structures for Archiving,,Unassigned
TH397,Creative Stagnation and System Building,,Unassigned
TH398,Roles of Romantic Partners,,Unassigned
TH399,Cultural Thought and Language,,Unassigned
TH400,Modular OS Design Best Practices,,Unassigned
TH401,Dynamic Myth Fusion Guide,,Unassigned
TH402,Myth Fusion Framework,,Unassigned
TH403,Changelog Benefits Summary,,Unassigned
TH404,Philosophy Overview Framework,,Unassigned
TH405,Generative Framework Overview,,Unassigned
TH406,Class Reminder and Reflection,,Unassigned
TH407,Epistemology Overview and Theories,,Unassigned
TH408,Metaphysics Overview 4JP,,Unassigned
TH409,Academic Outreach Planning,,Unassigned
TH410,Mon petit chou expliqué,,Unassigned
TH411,Faculty Development Plan,,Unassigned
TH412,Poem Submission Acknowledgement,,Unassigned
TH413,Course Discussion Reply,,Unassigned
TH414,ARC4N Seed Texts and Atomization,,Unassigned
TH415,ARC4N Expansion Focus,,Unassigned
TH416,ARC4N Prototype and Protocol,,Unassigned
TH417,ARC4N Fusion Pool Strategy,,Unassigned
TH418,ARC4N Academic Abstract Draft,,Unassigned
TH419,Mercury Moon Synastry Aspects,,Unassigned
TH420,HJ Journey Framework,,Unassigned
TH421,Metroid Mythic Upgrade Path,,Unassigned
TH422,Wonders of the World,,Unassigned
TH423,Mathematics Overview Protocol,,Unassigned
TH424,Sciences Overview Framework,,Unassigned
TH425,History Overview Protocol,,Unassigned
TH426,Meta-Genres Overview,,Unassigned
TH427,L’esprit d’escalier Concept,,Unassigned
TH428,Sensory Expansion and Hypotheses,,Unassigned
TH429,Human Consciousness Evolution,,Unassigned
TH430,Philosophical Thought Experiments,,Unassigned
TH431,Rituals Through Time,,Unassigned
TH432,Chat history deletion issues,,Unassigned
TH433,Apple vs Microsoft Branding,,Unassigned
TH434,Tire Replacement at 40K,,Unassigned
TH435,AI Ritual Mimicry Explained,,Unassigned
TH436,Celebrity Hierarchy Inversion,,Unassigned
TH437,Tabloid Media Evolution,,Unassigned
TH438,NEWS Journalism as Compass,,Unassigned
TH439,Combinations of Numbers,,Unassigned
TH440,Fastest Characters Across Media,,Unassigned
TH441,Creative Expansion Strategies,,Unassigned
TH442,Puzzle Frameworks Explained,,Unassigned
TH443,Witness Game Analysis,,Unassigned
TH444,EM Spectrum Mapping,,Unassigned
TH445,Arts & Literature Overview,,Unassigned
TH446,Schema Design and Mapping,,Unassigned
TH447,Poetic Structure Expansion,,Unassigned
TH448,Real People Symbolic Index,,Unassigned
TH449,Radiohead Gear Insights,,Unassigned
TH450,Chris Interest Analysis,,Unassigned
TH451,Gear List Aphex Twin,,Unassigned
TH452,Digital Canon Remix System,,Unassigned
TH453,Autechre Max Patch,,Unassigned
TH454,Ulysses Literary Visuals,,Unassigned
TH455,Trickster Myth Archetypes,,Unassigned
TH456,Voidopolis Book Overview,,Unassigned
TH457,Mythic Opposites of Heroes,,Unassigned
TH458,David Wayne Mythic Arc,,Unassigned
TH459,Multiverse Theory Overview,,Unassigned
TH460,Core Knowledge Domains,,Unassigned
TH461,Theology Mythology AI Integration,,Unassigned
TH462,Social Sciences Overview,,Unassigned
TH463,Algorithmic Logic Exploration,,Unassigned
TH464,Logic Overview,,Unassigned
TH465,Rhetoric Devices Overview,,Unassigned
TH466,Pathos in Rhetoric Design,,Unassigned
TH467,Academic Contribution in Business,,Unassigned
TH468,Ethos in Rhetoric Systems,,Unassigned
TH469,Tragedy vs Comedy 101,,Unassigned
TH470,Prehistoric Era Overview,,Unassigned
TH471,Renaissance Rebirth Recursive,,Unassigned
TH472,Medieval Ages Overview,,Unassigned
TH473,Antiquity Overview Protocol,,Unassigned
TH474,Early Modern Era Summary,,Unassigned
TH475,Modern Era Overview,,Unassigned
TH476,Postmodernism Era Overview,,Unassigned
TH477,Industrial Revolutions Mythic Framework,,Unassigned
TH478,Abstract Era Conceptualization,,Unassigned
TH479,Transcendentalism as Recursive Code,,Unassigned
TH480,MAGICK Conceptual Framework,,Unassigned
TH481,Alchemy Framework Overview,,Unassigned
TH482,Meta-Laws of Reality,,Unassigned
TH483,Psyche Tripartite Model,,Unassigned
TH484,Anima Animus Archetypes,,Unassigned
TH485,Collective Unconscious Overview,,Unassigned
TH486,Objective Protocol Overview,,Unassigned
TH487,Critical Lens Overview,,Unassigned
TH488,Subjectivity and Its Impact,,Unassigned
TH489,Mimic Archetype Exploration,,Unassigned
TH490,Infinity Gauntlet Cosmic Order,,Unassigned
TH491,Sauron Rings Forms Powers,,Unassigned
TH492,Gandalf's Cosmic Role,,Unassigned
TH493,Monster Mirror Media Culture,,Unassigned
TH494,Serial Killer Evolution,,Unassigned
TH495,Erikson vs Hard Sci-Fi,,Unassigned
TH496,Star Wars Time Loop,,Unassigned
TH497,KH Mythos Analysis,,Unassigned
TH498,Network Media Mythology Analysis,,Unassigned
TH499,FF Mythos Dissection,,Unassigned
TH500,Alien Myth-Lens Analysis,,Unassigned
TH501,Blade Runner Themes Analysis,,Unassigned
TH502,Fire Ice Adaptation Split,,Unassigned
TH503,Shining Adaptation Symbolism,,Unassigned
TH504,Kubrick Adaptation Analysis,,Unassigned
TH505,Class System Hierarchy,,Unassigned
TH506,TTRPGs Meta-Analysis,,Unassigned
TH507,Personalized Gameplay Design,,Unassigned
TH508,Hades Rogue Mechanics Analysis,,Unassigned
TH509,Returnal PS5 Generative Design,,Unassigned
TH510,CULT LEADER vs C0P,,Unassigned
TH511,Sci-Fi Faith Systems,,Unassigned
TH512,Magic Systems Overview,,Unassigned
TH513,Cartography Mapping Systems,,Unassigned
TH514,Cosmology Framework Design,,Unassigned
TH515,Quantum Physics Overview,,Unassigned
TH516,Scale Hierarchy and Cosmology,,Unassigned
TH517,Fugue Structure and Recursion,,Unassigned
TH518,Zelda Mythic Analysis,,Unassigned
TH519,Architectural Symbolism Mapping,,Unassigned
TH520,Link Mythic Overview,,Unassigned
TH521,Ganondorf Mythos Analysis,,Unassigned
TH522,JoJo Solitude Mythos,,Unassigned
TH523,Hellrivers Mythic Structure,,Unassigned
TH524,Mythic Friend Archetype,,Unassigned
TH525,Legal and Emotional Support,,Unassigned
TH526,Smith Protocol Activation,,Unassigned
TH527,Dunce Mirror Narrative,,Unassigned
TH528,Chris Adaptation Strategy,,Unassigned
TH529,MythOS Project Execution,,Unassigned
TH530,Weekly Assignments and Attendance,,Unassigned
TH531,Extracted PDF Texts Available,,Unassigned
TH532,Ingesting information assistance,,Unassigned
TH533,Compensation Clarification Request,,Unassigned
TH534,Fit for Role Evaluation,,Unassigned
TH535,Project Miner Protocol,,Unassigned
TH536,Harmonic Time Protocols,,Unassigned
TH537,I Ching 概述,,Unassigned
TH538,Honda CRV Sport Hybrid Oil,,Unassigned
TH539,Symbol Layout Variations,,Unassigned
TH540,ET4L Vision and Expansion,,Unassigned
TH541,Project Core Mining,,Unassigned
TH542,Project Miner Summary,,Unassigned
TH543,Project Summary and Mapping,,Unassigned
TH544,Naming System Optimization,,Unassigned
TH545,Codex Evolution Framework,,Unassigned
TH546,Grade Visibility Issue Resolved,,Unassigned
TH547,Technical Instructions Review Process,,Unassigned
TH548,Sweetening Oatmeal Options,,Unassigned
TH549,Apple Watch Number Issue,,Unassigned
TH550,Phone Dropping While Running,,Unassigned
TH551,Batman’s Ultimate Opponent,,Unassigned
TH552,Sync Photos Across Devices,,Unassigned
TH553,Switch Google Accounts iOS,,Unassigned
TH554,Call Forwarding to iMessage,,Unassigned
TH555,"Meaning of ""Hit a Lick""",,Unassigned
TH556,Coming-of-Age Film Picks,,Unassigned
TH557,Essay Feedback Request,,Unassigned
TH558,Attendance Correction Request,,Unassigned
TH559,Course Credit Information,,Unassigned
TH560,Assignment Submission Reminder,,Unassigned
TH561,Wicked Musical Genre,,Unassigned
TH562,Assignment Weight Adjustment,,Unassigned
TH563,Honda recall verification,,Unassigned
TH564,ZIP file issues troubleshooting,,Unassigned
TH565,Final Essay Feedback,,Unassigned
TH566,Quantum Mechanics Fundamentals,,Unassigned
TH567,Khalil Brown Attendance Inquiry,,Unassigned
TH568,Unconditional surrender definition,,Unassigned
TH569,Grammatical check request,,Unassigned
TH570,Fix Fortinet Chrome Issue,,Unassigned
TH571,Stop Sneaker Odor,,Unassigned
TH572,Cover letter review,,Unassigned
TH573,Attendance Sheet Summary,,Unassigned
TH574,Offensive Terms and Responses,,Unassigned
TH575,Poetic Writing Feedback,,Unassigned
TH576,Penny Doubling Calculation,,Unassigned
TH577,Magical Objects and Symbols,,Unassigned
TH578,Opposites of At Ease,,Unassigned
TH579,Getting Over Long Relationships,,Unassigned
TH580,Covid-19 Treatments Overview,,Unassigned
TH581,Resume Revision Options,,Unassigned
TH582,Resume and Cover Letter Review,,Unassigned
TH583,Email Relay Error BC,,Unassigned
TH584,Sonnets for Undergrad Class,,Unassigned
TH585,Export Individual Clips PP,,Unassigned
TH586,Flatten Nested Sequences Premiere,,Unassigned
TH587,Course Structure Optimization,,Unassigned
TH588,Narrative Essay Feedback Protocol,,Unassigned
TH589,Oral Syringe Accuracy,,Unassigned
TH590,Project Cleanup Plan,,Unassigned
TH591,Jaw Abscess Home Treatment,,Unassigned
TH592,Outlook DND Setup,,Unassigned
TH593,Spotlight Effect in Premiere,,Unassigned
TH594,Missing Assignments Follow-up,,Unassigned
TH595,Emma Roberts and Freddie Highmore,,Unassigned
TH596,Post-Shave Skin Care,,Unassigned
TH597,Rhyme Pattern Continuation,,Unassigned
TH598,Bold .mov Find Replace,,Unassigned
TH599,Apple Music Requeue Help,,Unassigned
TH600,Keyframe Spacing Premiere Pro,,Unassigned
TH601,Scale and Clarification Request,,Unassigned
TH602,Generate style variations,,Unassigned
TH603,Film Suggestions and Assignment,,Unassigned
TH604,St Paul's ABHES Form,,Unassigned
TH605,Assignment Submission Review,,Unassigned
TH606,Grading Memo Assignment,,Unassigned
TH607,Multiple Numbers on Mac,,Unassigned
TH608,Unify Google Accounts,,Unassigned
TH609,Duplicate Contact Mac,,Unassigned
TH610,Classroom Management Strategies,,Unassigned
TH611,Peer Review Feedback Request,,Unassigned
TH612,Late Registration Request Response,,Unassigned
TH613,Email Name Suggestions,,Unassigned
TH614,AJP Arts Naming Ideas,,Unassigned
TH615,Safari Password Storage,,Unassigned
TH616,Linking PayPal Accounts,,Unassigned
TH617,Linking PayPal Accounts,,Unassigned
TH618,Delete address PayPal error,,Unassigned
TH619,Cover Letter Strategy,,Unassigned
TH620,Subscription Cancellation Request,,Unassigned
TH621,Excel Financial Functions,,Unassigned
TH622,4Bloom Project Organization,,Unassigned
TH623,Future Funding Projections,,Unassigned
TH624,AJP Media Arts Framework,,Unassigned
TH625,AJP Media Arts Structure,,Unassigned
TH626,Deposit Check Without Bank,,Unassigned
TH627,Word Count in Notes,,Unassigned
TH628,Leetspeak Alphabet Guide,,Unassigned
TH629,Grindr Bio Brainstorm,,Unassigned
TH630,LGBTQ+ Summer in LI,,Unassigned
TH631,Experimental Short Film Submission,,Unassigned
TH632,Minecraft Castle Building Script,,Unassigned
TH633,Snare Drum Synthesis Max,,Unassigned
TH634,No-budget screenplay tips.,,Unassigned
TH635,Describe Cello Sound Quality,,Unassigned
TH636,ADSR Settings for Hi-Hat,,Unassigned
TH637,Writers Struggling with Identity,,Unassigned
TH638,Personal Brand Development Plan,,Unassigned
TH639,QUEER Project Thread Summary,,Unassigned
TH640,Medium Cross-Promotion Strategy,,Unassigned
TH641,Queer Project Growth Strategy,,Unassigned
TH642,Queer Project (from MET4morfoses project folder thread),,Unassigned
TH643,Monetization Strategy Priorities,,Unassigned
TH644,GRINDER Project Threads Summary,,Unassigned
TH645,Grinder Blair Witch Fear,,Unassigned
TH646,QUEER Growth Strategy,,Unassigned
TH647,Release Strategy Enhancement,,Unassigned
TH648,Dating App Murders Summary,,Unassigned
TH649,Outline Help - Screenplay,,Unassigned
TH650,Grinder Project Public Creation,,Unassigned
TH651,Property Commission Calculations,,Unassigned
TH652,Inflated Costs Covered Offered,,Unassigned
TH653,Organize Files Efficiently,,Unassigned
TH654,Digital Beauty Solutions,,Unassigned
TH655,Zap for MCA Agreement,,Unassigned
TH656,Google Sheets: Add People List,,Unassigned
TH657,Draft E-blast Hall Prestige,,Unassigned
TH658,MDC Alumni Hall Celebration,,Unassigned
TH659,Point GoDaddy Domains Hostinger.,,Unassigned
TH660,Flat Design Style,,Unassigned
TH661,Medical Cash Advance Options,,Unassigned
TH662,Test Landing Pages with Meta,,Unassigned
TH663,Organize Computer Files,,Unassigned
TH664,Cash Advance Audience Estimate,,Unassigned
TH665,Funding Options Overview,,Unassigned
TH666,High-Ticket Industries for MCAs,,Unassigned
TH667,Ruth Greenfield Memorial Tribute,,Unassigned
TH668,Common Virtues Overview,,Unassigned
TH669,Trazodone Dreams Explained,,Unassigned
TH670,Adding Services to Chrome,,Unassigned
TH671,What does con mean,,Unassigned
TH672,Florida Real Estate License: Steps & Costs,,Unassigned
TH673,Squarespace + Unbounce + Google Ads,,Unassigned
TH674,Open LLC for Media Ventures,,Unassigned
TH675,Single LLC for Multiple Businesses,,Unassigned
TH676,Move LLC to Florida,,Unassigned
TH677,Marketing Services for Transport,,Unassigned
TH678,Florida Community College Grants,,Unassigned
TH679,Define Entrepreneurship,,Unassigned
TH680,SEO Blog Post Rates,,Unassigned
TH681,Social Media User Base,,Unassigned
TH682,Meta Ad Spend Trends,,Unassigned
TH683,Delete Canvas Course Content,,Unassigned
TH684,Possible Scam Alert,,Unassigned
TH685,Professional LinkedIn Headshot,,Unassigned
TH686,Abstract Portrait Design,,Unassigned
TH687,Higher Education Staten Island,,Unassigned
TH688,Commercial Sales Manager Requirements,,Unassigned
TH689,Remote Teaching Opportunities List,,Unassigned
TH690,Becoming a Psychiatrist,,Unassigned
TH691,Engagement Ring Alternatives,,Unassigned
TH692,Paper Topic Guidance,,Unassigned
TH693,Remote Job Search Assistance,,Unassigned
TH694,Career advice for $200k,,Unassigned
TH695,Become High School Teacher Florida,,Unassigned
TH696,Becoming a Full-Stack Developer.,,Unassigned
TH697,Disability Benefits Overview,,Unassigned
TH698,Business Funding Ad Revision,,Unassigned
TH699,Business Funding Access Criteria,,Unassigned
TH700,Conditional Logic Form Design,,Unassigned
TH701,CSV Format for Questions,,Unassigned
TH702,Resume Forwarding Request,,Unassigned
TH703,Transitioning from MLM,,Unassigned
TH704,Email blast software options.,,Unassigned
TH705,Ad Revenue on YouTube.,,Unassigned
TH706,Define API,,Unassigned
TH707,Define RPM Youtube,,Unassigned
TH708,Squarespace SEO Options Guide,,Unassigned
TH709,Office Space Business Ideas,,Unassigned
TH710,English Businesses PPC Potential,,Unassigned
TH711,Horoscope Market Size Insights,,Unassigned
TH712,Sticky Bar Link Conversion,,Unassigned
TH713,MCA Potential on FB IG,,Unassigned
TH714,PPC Lead Generation Pitch,,Unassigned
TH715,Calculating ROI for Ads,,Unassigned
TH716,Unified E-commerce Inventory Solution,,Unassigned
TH717,Meta ads: Performance max campaign,,Unassigned
TH718,Move High-Performing Ads Strategically,,Unassigned
TH719,Insert First Name Code,,Unassigned
TH720,Best Man Speech Timing,,Unassigned
TH721,Unconditional Love Definition,,Unassigned
TH722,Attractive vs Sexy,,Unassigned
TH723,Be a Queen,,Unassigned
TH724,Monetize Multimedia Art Online,,Unassigned
TH725,Victor Laszlo Character Summary,,Unassigned
TH726,Protagonist vs Antagonist,,Unassigned
TH727,Examples of Verbal Irony,,Unassigned
TH728,Cold as Adjective,,Unassigned
TH729,Skills from Adversity,,Unassigned
TH730,Theoretical Accountability Analysis,,Unassigned
TH731,Journal Organization Tips,,Unassigned
TH732,Two Men DNA Impregnation,,Unassigned
TH733,Life Struggles and Support,,Unassigned
TH734,Birthday Sharing Statistics,,Unassigned
TH735,Ready to Help,,Unassigned
TH736,Canzone di compleanno italiana,,Unassigned
TH737,Fat Female Rock Bands,,Unassigned
TH738,Cause of Death for Women,,Unassigned
TH739,Shows with Year in Title,,Unassigned
TH740,Job Details and Hours,,Unassigned
TH741,ADA Reevaluation Request,,Unassigned
TH742,Partial Unemployment with Part-time,,Unassigned
TH743,Lease Non-Renewal Request,,Unassigned
TH744,Boca Raton Address Location,,Unassigned
TH745,Florida Unemployment Benefits Guide,,Unassigned
TH746,Missed Payments and Repossession,,Unassigned
TH747,Florida DL NYS ID,,Unassigned
TH748,GEICO payment cancellation policy,,Unassigned
TH749,NYC Ticket Late Fees,,Unassigned
TH750,W-4 form guidance,,Unassigned
TH751,Unemployment with LLC Loss,,Unassigned
TH752,Monetary Determination Instructions,,Unassigned
TH753,Eye Nose Growth Facts,,Unassigned
TH754,Polite rejection advice,,Unassigned
TH755,Developing ChatGPT API,,Unassigned
TH756,YouTube Egg Titles,,Unassigned
TH757,"Demographics Of TX, FL, GA",,Unassigned
TH758,Sunken Cost Fallacy Definition,,Unassigned
TH759,Define Western Tradition,,Unassigned
TH760,Effective Online Dating Openers,,Unassigned
TH761,Qualities of a Sociopath,,Unassigned
TH762,Gibson Gamble Frustration,,Unassigned
TH763,Reggae band names.,,Unassigned
TH764,Autism Diagnosis Shared.,,Unassigned
TH765,Flounder Definition,,Unassigned
TH766,Non-Explicit OnlyFans Channels,,Unassigned
TH767,Top 10 Project Management Skills,,Unassigned
TH768,Skills-Based Resume Revamp,,Unassigned
TH769,CPU vs GPU performance.,,Unassigned
TH770,"Nirvana: ""Dumb"" Chords",,Unassigned
TH771,Dancehall Genre Characteristics,,Unassigned
TH772,Song Title Ideas,,Unassigned
TH773,Open-source LGBTQ+ Dating Potential,,Unassigned
TH774,Dubstep History,,Unassigned
TH775,Omakase Sushi Experience,,Unassigned
TH776,Consent Anthem,,Unassigned
TH777,ISFP-ENFP Romantic Compatibility,,Unassigned
TH778,Building GPT-4 Education API,,Unassigned
TH779,Tarot Reading Insights,,Unassigned
TH780,Fast Permit Runner Feedback,,Unassigned
TH781,Happy Hour Finder Solution,,Unassigned
TH782,3D Cubism Art Exploration,,Unassigned
TH783,Resume Strengths and Weaknesses,,Unassigned
TH784,Homemade Hair Leave-In Cream,,Unassigned
TH785,Rhetorical Analysis Thesis Examples,,Unassigned
TH786,Celtic Cross Tarot Reading,,Unassigned
TH787,"High-Fiber, Easily Digestible Diet",,Unassigned
TH788,SEO Keywords for South Florida,,Unassigned
TH789,Florida Permitting Services' SEO,,Unassigned
TH790,Rotate Image in Photoshop,,Unassigned
TH791,Fast Permit Runner Logos,,Unassigned
TH792,Explaining Mimesis in Art,,Unassigned
TH793,Minimal Logo Iterations,,Unassigned
TH794,Business Services: Start-Up Guide,,Unassigned
TH795,Swiss Army Knife and Similar Tools,,Unassigned
TH796,Major Cities in South Florida,,Unassigned
TH797,Targeting for Merchant Cash Advances,,Unassigned
TH798,Holiday Images for Business,,Unassigned
TH799,Ad Copywriting Tips,,Unassigned
TH800,Santa in Various Professions,,Unassigned
TH801,Quick Capital for Businesses,,Unassigned
TH802,Quick Merchant Cash Advances,,Unassigned
TH803,Categorize Ulti Tool Media,,Unassigned
TH804,Elevated Name Options,,Unassigned
TH805,Request for Accommodations Letter,,Unassigned
TH806,Yunioshi's Role in Tiffany's,,Unassigned
TH807,Social Media Strategy for Construction,,Unassigned
TH808,Text on Curve in Illustrator,,Unassigned
TH809,Two-Syllable Versions Needed,,Unassigned
TH810,Cubic vs Azul Imagery,,Unassigned
TH811,February Social Media Calendar,,Unassigned
TH812,Business Funding Phrases Pattern,,Unassigned
TH813,GED in Florida 2024 Guide,,Unassigned
TH814,Helping SMMA with MCA,,Unassigned
TH815,AI Marketing Solutions: South Florida,,Unassigned
TH816,Meta Ads Fee Summary,,Unassigned
TH817,Business Boost with MCA,,Unassigned
TH818,Auto start Honda CR-V,,Unassigned
TH819,File Organization Strategy,,Unassigned
TH820,Aquaphor Uses and Benefits,,Unassigned
TH821,Florida LLC Publication Requirement,,Unassigned
TH822,Legal Guidance Request,,Unassigned
TH823,Bisque vs Chowder Differences,,Unassigned
TH824,Restaurant Investment Longevity vs Trend,,Unassigned
TH825,Harassment and Restraining Orders,,Unassigned
TH826,Name Combination Suggestions,,Unassigned
TH827,Retrieving Gifts After Breakup,,Unassigned
TH828,Police Escort for Belongings,,Unassigned
TH829,Ultimatum and Resolution,,Unassigned
TH830,Recovering Paid Rent,,Unassigned
TH831,Estate and Insurance Help,,Unassigned
TH832,Single Men Income Marriage,,Unassigned
TH833,Coconut Fatalities Statistics,,Unassigned
TH834,Women Fertility Age Limit,,Unassigned
TH835,Fight Club Quote,,Unassigned
TH836,Joker Quote Analysis,,Unassigned
TH837,Robin Williams Teacher Poem,,Unassigned
TH838,Peter Pan's Shadow Meaning,,Unassigned
TH839,Limb that Sins Verse,,Unassigned
TH840,Being Honest on Grindr,,Unassigned
TH841,Rip Van Winkle Story,,Unassigned
TH842,Siddhartha and Buddha Connection,,Unassigned
TH843,Cancel Wedding RSVP,,Unassigned
TH844,Conversation Summary Request,,Unassigned
TH845,Handling Sextortion Threats,,Unassigned
TH846,name analysis,,Unassigned
TH847,Love and Pain Proportionality,,Unassigned
TH848,Apology Refinement Advice,,Unassigned
TH849,Nuclear Weapons by Country,,Unassigned
TH850,Morning Message Responses,,Unassigned
TH851,Lowercase Formatting Request,,Unassigned
TH852,Place of Worship Terms,,Unassigned
TH853,Jesus God or Man,,Unassigned
TH854,Jewelry Business Write Offs,,Unassigned
TH855,Cremation Cost Overview,,Unassigned
TH856,Men Height Statistics,,Unassigned
TH857,Fingerprints on Paper Towel,,Unassigned
TH858,Legal Agreement for Payout,,Unassigned
TH859,Modernist Literature and Identity,,Unassigned
TH860,Myshkin in St Petersburg,,Unassigned
TH861,Bible Verses on Temptation,,Unassigned
TH862,Albatross Symbolism Explained,,Unassigned
TH863,Olde English Translation Request,,Unassigned
TH864,Fallen Planets in Astrology,,Unassigned
TH865,Ancient Drugs Evolved Modern.,,Unassigned
TH866,Earworm Definition,,Unassigned
TH867,Pull-String Talking Toys,,Unassigned
TH868,Logical Fallacy Explained,,Unassigned
TH869,Famous Bridge Builders,,Unassigned
TH870,Gemini Rising Sign Characteristics,,Unassigned
TH871,First Slavery Instances Mesopotamia,,Unassigned
TH872,"Pallas: Myth, Astronomy, Biology",,Unassigned
TH873,Rich Man Eye Needle,,Unassigned
TH874,Conference House Historical Significance,,Unassigned
TH875,Morningstar is Lucifer's nickname,,Unassigned
TH876,Aries-Pisces Romantic Dynamics,,Unassigned
TH877,Vizcaya Architecture Style,,Unassigned
TH878,Género de Machucando,,Unassigned
TH879,Narratology and Story Analysis,,Unassigned
TH880,Value of Sad Art,,Unassigned
TH881,SOS vs Ctrl Themes,,Unassigned
TH882,AI-Powered Full-Stack Marketing,,Unassigned
TH883,GoDaddy Hostinger domain setup,,Unassigned
TH884,Real Estate Content Strategy,,Unassigned
TH885,Full Stack Marketing Services,,Unassigned
TH886,Iconic Full Stack Marketing.,,Unassigned
TH887,Client Google Drive Structure,,Unassigned
TH888,Ulti Tool Media Packages,,Unassigned
TH889,Digital Marketing Services Presentation,,Unassigned
TH890,Enhancing Online Presence,,Unassigned
TH891,Register Now for Classes,,Unassigned
TH892,Subscription Plans: Marketing Essentials.,,Unassigned
TH893,Enhanced Digital Marketing Suite,,Unassigned
TH894,Bold Online Partnership Invitation,,Unassigned
TH895,Free Logo Consult & Newsletter,,Unassigned
TH896,Keyword Organization and Formatting,,Unassigned
TH897,GHB Effects & Risks,,Unassigned
TH898,Digital Services for Success,,Unassigned
TH899,Plagiarism Policy Reminder,,Unassigned
TH900,Max Impact Web Solutions,,Unassigned
TH901,Marketing Agency Investor Proposal,,Unassigned
TH902,Website vs. Landing Page,,Unassigned
TH903,Nursing Scholarship Support Initiative,,Unassigned
TH904,Luxury Property Showcase,,Unassigned
TH905,Impressive Growth with Ulti,,Unassigned
TH906,Maximize Digital Marketing Potential,,Unassigned
TH907,Change Artboard Sizes Script,,Unassigned
TH908,NDA for Ulti Tool.,,Unassigned
TH909,Fix Google Business Profile,,Unassigned
TH910,Digital Marketing Services,,Unassigned
TH911,Outstanding Recommendation for Antonio,,Unassigned
TH912,Organize and alphabetize skills,,Unassigned
TH913,Cosmetic Ingredient Benefits: Guidelines,,Unassigned
TH914,Task Planning: Email and Website,,Unassigned
TH915,Skin Bundle Display Image,,Unassigned
TH916,Luxury Cleaning Service.,,Unassigned
TH917,Business Plan Structure Guide,,Unassigned
TH918,Monthly Client Turnover Rate,,Unassigned
TH919,Edit PDF Permissions Check.,,Unassigned
TH920,PPC Social Media Plan,,Unassigned
TH921,Financial Projections and Business Plan Merge,,Unassigned
TH922,Revise Column B Limit.,,Unassigned
TH923,Organic Candle Ambiance,,Unassigned
TH924,Personal Care Products.,,Unassigned
TH925,Student Success Alphabetized.,,Unassigned
TH926,Academic Integrity Policy Warning,,Unassigned
TH927,Favorite Bathing Suit Brands,,Unassigned
TH928,Develop Content Calendars,,Unassigned
TH929,Estimating Companies Research,,Unassigned
TH930,Upload WordPress Template: Steps,,Unassigned
TH931,LuxuryCreative.AI Digital Marketing,,Unassigned
TH932,Job Opportunities Based on Resume,,Unassigned
TH933,Candle Extinguishing Methods,,Unassigned
TH934,Luxury Business Name Ideas,,Unassigned
TH935,Request for Adding Student,,Unassigned
TH936,Snapping to Guides Illustrator,,Unassigned
TH937,Lavender Petals Query,,Unassigned
TH938,Affordable Nationwide Gym Options,,Unassigned
TH939,Back Pain Gym Guidelines,,Unassigned
TH940,Record Player Skipping Issues,,Unassigned
TH941,Peptide Dosing Duration Calculation,,Unassigned
TH942,Application Follow-Up Email,,Unassigned
TH943,Building AI Meeting Assistant,,Unassigned
TH944,Cold Sores and Herpes,,Unassigned
TH945,Yankees Game Tonight Details,,Unassigned
TH946,Income Range in the USA,,Unassigned
TH947,Antisocial Personality Disorder Criteria,,Unassigned
TH948,Keyword Organization and Expansion,,Unassigned
TH949,Weight Lifting Cardio Tips,,Unassigned
TH950,Job Application Preparation Steps,,Unassigned
TH951,Alphabetical Keyword Organization,,Unassigned
TH952,Cold Sore Contagion Timeline,,Unassigned
TH953,Max tramadol dose,,Unassigned
TH954,Scalp Moisturizing and Styling,,Unassigned
TH955,DSM-5 ASPD and PCL-R,,Unassigned
TH956,Medications for Racing Thoughts,,Unassigned
TH957,Build Muscle Lose Fat,,Unassigned
TH958,Rectal Medicine Absorption Time,,Unassigned
TH959,GPA Breakdown Calculation,,Unassigned
TH960,Drop Grades in D2L,,Unassigned
TH961,Flexible Schedule Availability,,Unassigned
TH962,Azithromycin for Strep Throat,,Unassigned
TH963,Unit 3 Resubmission Acknowledgment,,Unassigned
TH964,Finasteride refill request,,Unassigned
TH965,HIV and Strep Throat,,Unassigned
TH966,Finasteride dosage increase risks,,Unassigned
TH967,Essay Feedback Request,,Unassigned
TH968,Advil Anti-Inflammatory Properties,,Unassigned
TH969,Strep Throat Contagious Period,,Unassigned
TH970,Questionnaire Submission Confirmation,,Unassigned
TH971,PrEP effectiveness timeline,,Unassigned
TH972,rectal syringe inquiry,,Unassigned
TH973,Adjunct Faculty Application Letter,,Unassigned
TH974,Download iCloud Messages,,Unassigned
TH975,Max File Size Limit,,Unassigned
TH976,Improving OCR Accuracy,,Unassigned
TH977,Download Instagram Messages,,Unassigned
TH978,Ibuprofen vs Xanax Effects,,Unassigned
TH979,NY Booting Towing Rules,,Unassigned
TH980,Remove Autocomplete Word macOS,,Unassigned
TH981,St Pauls Nursing Tuition,,Unassigned
TH982,Selling a Leased Car,,Unassigned
TH983,doxyPEP and STI Prevention,,Unassigned
TH984,Medication Refill Request,,Unassigned
TH985,NYC Marijuana Drug Testing,,Unassigned
TH986,Willing to Relocate,,Unassigned
TH987,NJ Waterfall Trails,,Unassigned
TH988,Grindr Incognito Mode Guide,,Unassigned
TH989,Media Buyer Inquiry,,Unassigned
TH990,Add Email to GPG,,Unassigned
TH991,ASPD Test Questions,,Unassigned
TH992,Meth Withdrawal Timeline,,Unassigned
TH993,Secondhand Weed Smoke Effects,,Unassigned
TH994,Context Window and Memory,,Unassigned
TH995,Project Chat Sharing Limitations,,Unassigned
TH996,Fix SSL Issue,,Unassigned
TH997,Replace iTunes Match with AM,,Unassigned
TH998,Cleaning Leather Case Tips,,Unassigned
TH999,HTML to Word Conversion,,Unassigned
TH1000,Markdown to Google Docs,,Unassigned
TH1001,Insert Line in Notes,,Unassigned
TH1002,Markdown in Outlook,,Unassigned
TH1003,Table Option Greyed Out,,Unassigned
TH1004,Replacing iTunes Matched Tracks,,Unassigned
TH1005,Markdown Tab Indentation Tips,,Unassigned
TH1006,Writing Exercises for Exploration,,Unassigned
TH1007,ENG 101 Schedule Markdown,,Unassigned
TH1008,Module Content Balancing,,Unassigned
TH1009,Canvas Course Analysis,,Unassigned
TH1010,ENG 101 Schedule Review,,Unassigned
TH1011,Narrative Essay Draft Guide,,Unassigned
TH1012,ENG 101 Peer Review Guide,,Unassigned
TH1013,Blinking Air Mattress Issue,,Unassigned
TH1014,Naming and Formatting Help,,Unassigned
TH1015,Project folders restoration query,,Unassigned
TH1016,File Organization Assistance,,Unassigned
TH1017,ETCETER4 Website Overview,,Unassigned
TH1018,Embracing Creative Identity,,Unassigned
TH1019,Week 1-2 Grading Update,,Unassigned
TH1020,Engaging Effectively with ChatGPT,,Unassigned
TH1021,Job Interview Prep Tips,,Unassigned
TH1022,Job Application Guidance,,Unassigned
TH1023,Course Structure Optimization,,Unassigned
TH1024,ENG 204 Week 1 Theme,,Unassigned
TH1025,Poe Gothic Week Schedule,,Unassigned
TH1026,Class Duration Format,,Unassigned
TH1027,Literacy Narrative Explanation,,Unassigned
TH1028,Daily Writing Submission Setup,,Unassigned
TH1029,Email Revision Suggestions,,Unassigned
TH1030,Demons in Paradise Lost.,,Unassigned
TH1031,AI MET4morfoses Concept,,Unassigned
TH1032,ETCETER4 Artist Information,,Unassigned
TH1033,Ways to Share Writing,,Unassigned
TH1034,ENG 204 Week 4 Schedule,,Unassigned
TH1035,Canvas & Lumen Integration,,Unassigned
TH1036,Persuasive Essay Prewriting Guide,,Unassigned
TH1037,Plagiarism Warning and Consequences,,Unassigned
TH1038,Meeting on Thursday,,Unassigned
TH1039,Digital Media Specialist Follow-up,,Unassigned
TH1040,Attendance Correction Request,,Unassigned
TH1041,Class Schedule Files Summary,,Unassigned
TH1042,Class Schedule Summary,,Unassigned
TH1043,Writing Multi-Layered Conflict,,Unassigned
TH1044,Title Refinement Suggestions,,Unassigned
TH1045,File Overview and Archive,,Unassigned
TH1046,File ingestion request,,Unassigned
TH1047,MET4morfoses Project Review,,Unassigned
TH1048,Bastard Sun Linguistics,,Unassigned
TH1049,MET4Morfoses Project Overview,,Unassigned
TH1050,Hermes' Animal Associations,,Unassigned
TH1051,Medium vs Mode in Art,,Unassigned
TH1052,Generative VR Art & Collectibles,,Unassigned
TH1053,SEO YouTube Channel Name,,Unassigned
TH1054,Art Critique: Collage Exploration,,Unassigned
TH1055,Cultural Significance Mythology Language Celebrity,,Unassigned
TH1056,English Vowel Sounds,,Unassigned
